speed,throttle_position,brake_pressure,steering_angle,yaw_rate,wheel_slip,proximity,target
69.93428306022466,4.341253285481916,1.999996014977585,-7.253422257698056,-0.09936817684155785,13.338860838839487,2.037872764988913,1
57.23471397657631,63.31513755940223,1.2125723858608763,-9.182503757322312,-0.5363238290547088,0.006025117128363733,0.904797087938873,0
72.95377076201385,95.14033422066571,0.589552553733337,7.368114981179945,6.101414482088585,6.031108400950696,5.466578586141665,1
90.46059712816052,60.16118201463312,1.3455091884804815,-5.370440696204794,-5.3833956373550675,5.205795215205361,2.573591471287534,1
55.31693250553328,81.91888594267903,0.36117203351846056,-2.0909580099485123,-3.8125961957329912,6.262073668744087,2.8675973170663474,1
55.317260861016386,88.42064633484078,0.5080962413927554,11.094797275870071,5.181514460362399,20.147646063336033,21.454277339017185,0
91.58425631014782,22.807977194893247,2.9937424823552456,-28.640341312609394,-2.977674675919296,6.991846413661079,0.23947250131260114,1
75.34869458305818,21.204483990822666,0.41184135946855677,19.77453487279004,4.502665386657958,4.788033051253704,12.240238640449997,0
50.610512281300956,61.09809888509917,0.761827364555873,1.0902078649401201,8.497179915043548,12.606586519825788,7.157511556526306,0
70.8512008717193,41.10284698067047,2.6502705651141008,-6.1723971684327035,-2.008975134708168,21.641125909318298,10.595006132681812,1
50.73164614375075,83.98613028667204,1.4760571822124786,-1.3385123133217338,3.406811632876527,6.033742595937497,12.411505291943902,0
50.68540492859486,90.00231233980112,0.07706641496888729,-0.563559674692219,-5.768461406699292,1.9634060698199673,5.639345213856758,1
64.83924543132068,35.34213793027181,0.19122127608558692,-25.96801955167388,3.773666490339046,8.910118396241618,5.245678495522253,1
21.73439510684404,23.687055897448207,0.009446997268768338,22.42407341179854,0.9971199299338356,18.691295614124446,19.830192120025043,1
25.501643349739346,78.05255152438619,1.1960960481617897,0.619884484059277,2.365191410801076,13.767263617369865,30.751385668288535,0
48.754249415180546,27.48060355481361,0.7123389444122805,6.6450319567106275,-3.227860360176975,20.419834239358686,3.208699827351721,1
39.74337759331152,82.26143185136785,0.1730253607081242,14.27324655861064,-8.305417077835862,23.98980369023085,1.5407728208185512,1
66.28494665190547,42.37382536487628,3.8022220119782664,-15.317436863404502,2.516260323747524,19.816561918790427,34.21173853062378,0
41.83951848957578,66.75498992914704,0.9051586255541552,7.102078485528427,-10.317015762397272,15.095076971093835,6.45933155798378,0
31.75392597329417,9.553531383466819,0.3323173563710457,-4.014616363481903,-1.586752461212674,12.333539701309512,12.021592869538388,0
89.31297537843108,62.3859324676573,0.8332260624630187,12.701561628247406,4.705909332099848,1.0017271587066667,6.683602809017247,1
55.48447399026929,45.17676787372291,1.3658982315279073,-31.90841130527243,0.9594886793651803,24.60804947035103,2.016731536646166,1
61.35056409375848,58.66084631754741,0.09516256172406097,-1.486414503619035,9.741713223949066,9.587028064376064,13.349539683549732,0
31.505036275730866,16.801420774486342,0.38541021190211144,-9.042309836759424,5.125545762908867,3.8057053479216703,11.17105573443821,0
49.11234550949635,73.68737449441821,1.9738635628210224,6.483944259512333,-3.2694919416278823,16.66772138491142,3.4033877836295616,0
62.21845179419732,86.27970775432286,0.7386788658688167,7.050662810523032,0.13656689925719334,7.107207227386484,9.018615764552695,1
36.980128451553945,21.673980009077564,0.9491161531269642,-10.614388422330391,-0.23685351272217975,14.64445677327619,23.91436098695479,0
67.51396036691344,9.571455552016172,0.6804858201627735,-10.682607962640652,-7.910883816730636,14.66919769611478,13.389569033674848,0
47.9872262016239,2.3638586046336396,0.053871250680188436,-1.6599805283599416,-4.701994582421766,11.143245522571728,1.52911764180398,1
54.166125004134464,64.1971500443266,0.21746627691023238,-13.449633409728122,-2.8038045348993013,20.902965388626065,11.91180990783569,1
47.96586775541206,60.70940360887808,0.7077162809067313,12.629755431781904,-10.181102514279683,6.624176538886076,18.19713571482905,0
97.04556369017875,54.669741271407005,0.2816301698988288,-5.538108006711692,0.23746734125821478,11.215814790443353,23.604070333679772,1
59.730055505241324,23.194709611597542,0.06152546344335221,-43.60482328982462,-1.2453592232652035,13.442303214774288,14.878052852221185,1
38.84578142088199,39.09059959055147,2.2267872556649166,-5.622330849327092,-8.364469506557871,16.59061801918249,2.484766229564927,0
76.45089824206377,59.4476335186173,4.768201323834288,-15.578157312659584,2.0210643263866603,19.599296262639736,18.577080083386424,1
35.58312700057955,49.67668588591694,1.8908723238812908,-24.469137231914182,3.5793637234547977,9.870182071956402,16.967427948085977,1
64.1772719000951,98.77855202148874,2.307211922723374,-18.561399573338587,1.1351723943244445,16.1511736024149,0.3709525246459163,1
20.806597522404488,13.643975255673313,0.3324500672510536,1.641127077494551,-1.620340876044851,3.765273826712978,7.958989295775963,0
33.436279022031385,69.51445540475937,3.8816092258305455,19.929612423723466,2.9572107587592744,23.316202513561965,6.073359653821016,1
63.93722471738247,40.431876810429216,0.2631696562096539,4.6977671079747,3.4011018023834554,9.576470160525089,16.603238793845307,0
74.76933159990821,42.819961492561475,3.629694381842462,-9.097550823236094,1.537017848598442,18.23803554941096,3.6527925543929394,0
63.42736562379941,71.75977656581762,6.315376718387154,6.83856292756054,-4.123061252173804,0.5085270470544412,13.405905377960176,0
57.68703435223519,69.24361513243696,1.4925993380216183,-6.886354653284877,1.3830038275559033,5.129678572620175,36.663260162546905,0
53.977926088214225,99.12559937021884,4.765091867311735,-10.41900553744717,5.9774032541273945,12.17706360808945,23.977645566835836,0
30.42956019265145,12.839428945412523,1.0114804350712874,-17.315440023494766,-2.983145293058651,21.956311693308663,38.16177610393075,0
45.60311583210583,10.410964938416633,0.3605832869907834,-26.27743210127579,10.489696695662156,13.181378748766928,57.5996987118091,0
50.78722458080425,72.43388171287411,0.6893620115913714,-5.84885559839168,-2.6281546699269223,23.246762057346977,0.16091191525246656,1
81.1424445243783,57.83869170064091,1.0803855165139413,2.370802348801978,0.16203506670068107,12.094922414569908,14.622360860304514,0
66.87236579136923,27.416066655980586,0.09106764265661264,-1.4493550502233459,-3.362427980031681,12.261227418398748,7.986853473132295,0
24.73919689274532,7.9419368988986605,1.1685235240739411,-6.239503919210379,1.1163541796013043,2.993669712513297,29.476110620683258,0
66.4816793878959,8.565824959643054,4.767264249450466,-14.186190910451717,-8.711108463176377,20.066406103805495,4.351569106494097,1
52.29835439167367,89.41908746641182,0.2530247293384004,9.123692875274529,-2.730208994083606,6.1741353116765625,59.47304346292046,0
46.461559993880826,19.18673247187429,1.887698923387494,-19.756978799198773,-5.4606060017428355,22.490312234307876,14.267424599626107,0
72.23352577681736,32.33715621155208,2.8618406867415085,11.640418707652131,0.6766917394614546,22.7706055082599,23.664540113713695,0
80.61999044991902,22.6656402226988,3.452506843070995,-15.033255283900871,4.972236877544537,23.582752796853743,1.3423001619403268,0
78.62560238232398,35.49963058319373,3.866726033337838,-11.286528560295524,3.2300309355727572,13.00576222757725,3.040151815383521,1
43.21564953554723,6.942384274609337,0.8844176664683453,-22.001777859235155,-11.858296804294461,16.927344619591107,21.307305239897737,0
53.81575248297571,51.90597909082704,4.542886541831227,-7.52103220328455,10.210348264639402,19.462897001541588,0.33347741844589435,1
66.62526862807128,6.76125635922149,1.699165468469008,14.629686877169682,1.4763997031043419,3.27536546626164,25.464039068486386,0
79.51090254244718,80.03565078223616,0.21161420937702752,7.734421326659347,-3.8824957024650013,15.02392987493743,0.21070830803326837,0
50.4165152430942,23.3712081910433,0.7775793985659843,14.676331680420526,0.7856395949547041,0.8574475325827918,16.055570421255588,0
56.286820466723654,54.00119146045106,1.5204279347055023,7.832138189009037,0.8809491125134619,12.439152084718147,6.814172953581869,0
37.873300519879436,88.00790875614582,0.34097051997575506,-16.55504742795554,-3.3342435847578185,3.871067040505685,14.181732902222596,0
36.07586751838659,65.08773690471942,1.2280338629536234,-4.96183836491336,0.9895833367103775,4.573073149052117,17.86246343065808,0
76.25051644788397,53.29577865513353,1.3180964946227554,-11.70298693676194,-3.037361438101536,9.126189167315038,6.289092392849385,0
87.12480057141646,32.43337531153756,0.2130870525582115,19.958623560585604,-2.0218099634501137,10.810929167912576,1.713705731366888,0
58.55979756839332,33.300191305819794,0.9991264652503894,-17.95182969639467,-3.4313956787754223,15.579310613304681,1.082849669227341,0
80.07065795784048,66.94869551981901,1.772129558449675,13.405465340836663,-7.163356448698264,1.8607104609628915,13.33509620602893,0
67.23272050095268,99.41393612211675,0.8291291341919231,13.394308051631539,0.7291823510769195,12.592294030936117,11.030031423878492,0
47.09760490789751,66.18391898493786,0.0146123470652404,27.44430302574131,2.9264971825816906,4.565628256327528,20.33362654261973,0
67.22791211016828,55.77834173700249,0.010895476621085141,-6.1452988894424605,2.5744179803818614,14.349379375793546,10.69215387002536,0
90.76073132931938,73.06505102392461,0.5299874301841281,10.68483239370243,4.099626263176171,15.935115306529587,8.234294563729629,1
59.283479217800966,46.52056122837182,3.127579412462882,34.22477754808264,1.621701050074341,13.917731413821347,7.614639877587363,1
91.29287311628012,6.0142342600785215,0.31157732515670034,-9.264625154005449,-2.6636274910845175,18.45738776195769,0.4020436930668063,1
7.605097918205111,56.22968158779098,1.207339350066264,-23.025603712985394,4.198319322155944,8.390231106022533,6.132097302699499,1
76.43805008750448,95.76252845053801,0.30135153567661166,-28.200150508616456,-6.787587699209675,19.127664790828273,55.9581254759865,1
61.74094136476342,17.530294235765965,0.46574564225586684,10.69068043291997,-4.503356912562401,10.819177042704842,31.019286076728314,0
54.01985299068265,69.00048908206658,2.2609820421049505,-28.247253120878757,-4.821000357116223,12.10461245806492,5.993246085066229,0
61.835215530710045,20.093368865905646,1.5661503667516765,-5.584785794068843,5.400280295696551,16.202553181526785,13.293531948715739,0
20.248621707982146,53.582768447308126,0.12031394764400277,6.559697805584411,4.713942570700378,0.458959599980599,28.188881312775273,0
55.60656224324976,9.667644964671961,0.6718132209362143,2.777633052448711,2.436526185224974,16.349855535506208,8.731450345616349,1
67.14225143023492,45.037093625818514,0.03552439176270256,6.381672962762584,5.359649326058986,15.464628726802884,0.27181594415227134,1
89.55788089483032,75.61633288952461,0.7867677055629668,3.334347837012811,-4.39641391205994,7.746177918831998,1.1614867649464475,1
49.63459563452705,34.757152423898205,1.3031931202746547,19.182987199700896,1.742975599304902,2.1448571224872373,10.712275220522878,0
43.830127942136244,66.4911724487218,0.1513599041243501,-14.284745711081955,-0.6258721419158211,2.2733862478260285,52.320643281573794,0
49.96485912830927,79.54499607897291,0.4091052387924414,-10.15492707687797,4.23441051942457,23.080593674630716,17.723854685715455,1
78.30804235404148,92.71778194794527,0.6086717811394203,-11.58989167906236,-0.5761211627609879,17.231983030645928,1.1033449575086105,1
66.57502219319369,23.464208185545353,3.023860281956532,12.452877177939152,-1.9247144420504059,3.1775653442685097,3.1489845032033115,1
49.404795924659226,39.931591580930814,5.998747291082821,13.505978825925954,2.70454259280495,8.91807923272266,22.131680665884797,0
70.26534866226712,15.241601333041743,0.055141274618019286,6.768379789777622,4.380845835956164,14.812074847539911,27.624310417545715,0
61.941550986960806,99.24835021583752,1.7175898563606893,17.75240500334892,-3.3417259742340084,20.88929262726622,14.423032158302883,0
79.37289981065778,92.70009679242953,0.5577309891665867,-17.67061301064571,-0.3053783567618805,1.0915232178252132,15.51020900856697,0
45.95893812245295,53.99571302805596,0.5980011322610077,25.008361673267057,-5.292203168208264,5.915828286750221,0.43120058963826036,0
53.44675706804463,84.20332943764213,1.6842017411944101,22.848579325683872,-12.490305087464698,22.243724757384502,26.4502270297821,1
52.15783693735685,52.09579772720422,3.007499991404607,11.0343299586862,1.002298157068645,0.2291387545954121,23.28701999082342,0
30.72970103735763,62.35856880027597,3.617374543904647,26.7269836315659,3.04452678127316,5.034977569847185,4.497031241257953,0
65.92240554129152,8.912443211601662,1.0328075321345564,-24.849348115166606,1.3103340454336276,23.975604399324148,18.499825507213174,1
65.22110544359779,75.52704204968079,0.5301588007792968,-7.866722043939777,-9.747808588771836,15.335046163054278,3.6282954540695487,0
60.102269132849216,12.771348363523483,1.8588531714925183,-11.029551910229284,-1.7542471503823729,6.541784165937662,0.6174895715328645,0
55.308257332497064,82.60676302525283,0.34682177073452736,10.822189856360149,-11.091738800255406,1.6747773598961901,3.368478595084896,0
31.692585158991715,78.20280876703859,0.9963394091421282,-15.752111094032184,6.848505538270924,0.7047835111805539,2.951703504150483,1
51.58709354469282,70.87446977429764,0.5328820942519843,11.362427240062283,-5.43027291059043,6.118626990923182,6.181636888448851,0
53.14570966946461,3.6160380524762115,1.2827397875853526,20.558042159950702,6.277018047299482,22.03714548972276,8.130861923538632,1
43.95445461556762,30.31283559453286,0.3299542426662116,10.42804350125999,4.7293482184207285,10.397841357437738,10.655587060501428,0
56.77428576667982,26.311256991084285,0.2552274807413311,4.256265354922517,-4.502951762680309,18.008334229149824,9.715549864391697,1
68.08101713629077,36.01364074715191,3.0047471781476243,-14.818100113511237,-5.663924756338725,22.957125884498943,4.734529347906516,1
97.7237180242106,8.764274676383854,0.12883994244455013,-12.702764491880469,1.7518510819316913,10.201011540070414,0.4440688788175872,1
63.49155625663678,93.69578230310628,0.8461614700917811,18.74428357945,-4.221620185915355,4.781934275934926,13.93690228001188,0
65.15100781445528,55.38022407123763,0.29946632266863016,11.690235058579985,0.5124232107910377,12.927948271422988,7.556380546819452,0
58.511081684676654,30.552431065802356,0.04764959245663998,-0.5852927906631618,-2.4141379540345915,22.70209217649636,5.321697341969039,1
21.62457569401917,39.698151707428345,0.04402020673359252,-6.268643186488358,-8.905792072328166,20.109360353442515,30.254444429916074,0
59.46972249101566,44.72025405048357,0.2311688921499922,-30.387118096670655,-11.152340095622295,1.6457460840788447,20.600275663856227,0
61.204604198820526,60.05943333606173,2.418817178244867,-16.062786280266582,1.133421242472986,17.314320001939546,29.25417772642777,0
109.26484224970572,51.567942769649775,0.3983432480016593,28.67128630709585,-2.807788731653127,14.297438061473844,10.24744170616241,1
56.15278070437755,91.93919732144174,3.6059497350429113,-19.206833565037,-2.7654490845706614,22.686579408660638,2.1049956805384067,1
66.03094684667225,49.696348290583025,1.0456447790086365,2.8421973183162095,3.4793191954689267,3.0620354212574306,17.871843769316882,0
59.305764605895135,99.21580148233127,0.6885487317781052,15.111659597927979,5.867211383162224,13.350902830116414,3.461471158316037,0
36.626439247609355,85.14249577450957,1.0412545214329239,-18.823840020034385,-1.362723606809046,21.986567337797307,8.730251209549397,0
82.85645629030041,20.85105143573358,0.8725372307941038,2.7706571217162494,-1.7029935345493075,10.250594668543576,1.0081439023411307,1
75.03866065373549,93.05952146439162,1.706436442259218,14.068733062659826,2.5007151655694186,12.049872943321677,26.170997389427967,0
75.82063894086093,11.636639788547608,0.39837221807847173,0.18748982860875502,-6.784677848497877,1.7615169416739573,2.0191048381678995,0
41.81225090410522,81.74497084911916,0.5225842470271519,43.026045835001526,1.115765273738485,6.953591011222771,35.010750500565656,1
88.05588621872198,38.06232934765801,2.694247472856625,-25.02898888317293,2.75942985911077,8.112666229223683,29.95196155913206,0
31.962978744154384,87.79743204450695,3.5127133403329807,15.880927948258183,3.401151042088146,23.62806121862217,9.370634347220394,0
71.73714187600541,86.80566901074504,2.6769674750367685,-2.5920260609469654,-9.683763512512325,7.066684013528976,20.460257518628556,0
103.80911251619958,80.59254001176211,0.6525310721969928,11.578802322550127,-3.806776349044703,11.5217183817413,14.491871391781835,0
40.18927349738623,79.00304363070614,1.8189485898618325,6.619607275488687,-4.391316264117333,16.782610589106994,24.374033928563634,0
48.67404540794456,30.46791390980408,0.776285414894018,-10.997342956649948,0.4994347720460649,4.054584310196935,8.47936180047423,0
61.993027301752825,8.091928305125219,0.8258867399368435,3.434945886890104,2.40372289883992,12.161059678546863,23.11327096105258,0
49.93048691767601,40.29801787651615,0.2748130400592541,-27.868521770974308,7.483552037229907,18.46347598689769,9.311192727952816,1
28.986731378677348,17.35245149865087,1.073230516288793,9.048712508570906,-2.4748274018403653,21.67138032567665,42.444572040946085,0
61.371259496120544,69.49510889024617,0.24715425296919694,4.472376989857885,-2.4878624915460694,15.656481866560668,9.99384310887596,0
38.7539257254779,34.609972653778556,0.483378803487502,9.579902529646535,5.748360094393735,16.726337882923698,9.315726673141564,1
69.47184861270364,97.56102008599149,2.317475814348426,15.871774876307253,1.4828846926515253,3.1570868146142237,23.061773198330215,0
41.61151531532394,64.0972077345332,0.2784331918957237,5.514297603145663,6.338257555939869,23.644412431158678,25.854030307053097,1
90.99868810035079,82.24805636343609,0.08858032440363152,2.221341296974143,1.4436400150491815,3.314351937112059,12.128003964374248,0
44.334934153275256,13.252467274184843,0.08580498848274555,-13.216025049919384,-5.785583093566355,19.366823429544958,2.9730660031276654,1
53.55876967588649,86.20144822726226,3.391886751940255,-10.683311454735765,-6.665641773889033,6.620408044457971,9.45986159678648,0
76.27034434739339,92.27571905133944,0.8485016814189594,17.801019302659967,-7.757561245294645,23.33982859253129,51.66431494091679,0
35.3827136713209,48.70619188189359,0.6319640997619965,21.545031085589677,3.3102591737923657,17.99898848423699,20.974665679344735,1
64.54919869208258,60.625293775097745,1.9984392499941994,-3.571656544680811,5.94298411543504,18.845342824459223,25.003034583156765,1
86.14285508564856,76.48098009029954,2.1681935986571634,0.6900412087991118,9.246810706931905,5.476479326497083,0.500645153588164,1
27.85033530877545,17.483862726041256,0.4845037488754651,-13.56921562490649,4.215526661616201,11.07599941587902,9.462714848187114,0
63.692677170646085,50.25660764634424,1.4195073325996186,17.591352679011674,5.814192887674929,15.44532986473216,15.60321782759782,0
65.19765588496847,39.86630277723131,1.7694836796711144,9.98125235537668,-2.9000816632684234,19.249340455165022,26.582236755769273,1
75.6364574355462,14.63739921622491,1.2758386468166647,29.118261546956237,-5.7820790837192835,2.5989843978097396,0.7579351702533282,0
35.26098578243836,36.753442229153144,0.19727670123365917,-13.174846157696084,4.250396662087766,24.05913291136321,28.702692815756762,0
33.59086773831447,6.817230938549357,2.5038375392903376,-5.670118485273258,2.088403761197003,22.2555167638639,11.924407814734192,0
70.43883131233795,2.5811906949486985,0.9294748326851084,3.4716888378835846,0.5372218717044628,6.758714762389609,3.2968745771403096,0
65.93969346466372,13.516628915482276,0.3983326823285324,9.69734306588656,1.9368574031649493,20.5690060758083,5.7245123851288575,0
65.00985700691753,96.31151115891738,0.6645385934253217,-3.235014563214485,1.6159274122910294,12.958098075995586,4.967813961141674,1
66.9289641899395,54.952953589501696,0.04595409084324273,-13.094416356805507,6.419084299267807,11.545162039050465,11.352779837217627,0
46.399505568430186,96.582216115322,0.1641757390159968,13.221112933853567,6.4749279240847795,7.860852645285135,0.7960390560934595,0
64.64507394322007,43.2497878330132,1.7405988882145684,10.817030438183725,2.7211017617017355,14.524214665789811,2.589183530657647,0
65.86144946597362,31.181613308525957,1.3961787660518788e-05,-13.744111508455873,4.229014362814641,18.247227942589944,25.12509792912418,0
45.71297163947264,50.61418628402441,0.6465883802559252,20.331642016582435,2.570312762123879,10.273322624068957,2.1338947260947503,1
97.31549022289514,43.95116886329101,0.8870549291206477,17.552980637949055,-2.3058486601730945,15.730479825207302,3.986778895502702,1
69.47665841823576,10.566468426174392,0.0674202829877963,2.0144474587168935,3.7828233745657003,17.482823028882592,9.05976345209469,1
36.173930055947025,64.08263146902063,4.33778104353453,1.1939679356405457,-6.972475344296308,17.778045425382146,10.919834139078661,0
73.1310721726766,21.60381825095996,0.30761441421973534,8.310866566738607,5.269457761479416,1.2991524532795062,21.634114866628934,0
40.50636659545357,61.95879548978296,0.4352294113610042,-12.925546053843872,-5.972614698830175,21.493695142126672,8.894978871370885,1
75.74169207484904,65.02010923981534,0.43478762966875034,0.4504721874612326,1.4290164339736646,11.456332869126198,23.40004941351381,0
83.17191158014808,15.20248531286481,0.31428723627047356,-32.285753169137706,-4.225769792130794,6.560402042405361,14.448624667477457,0
43.58635363296579,6.134962711066816,0.0017698910764620695,13.146834682544032,2.7669449153721337,6.044112686992039,1.8003412319127567,0
79.26752258488644,78.07615860684398,1.5682914852896248,-23.42239833662789,-0.16962612963954438,12.075352821098761,2.5499334154561373,1
68.25561853872996,45.98004237693202,4.087892182683299,22.551297426434985,-7.973779790816662,22.17078848672398,8.618033336169757,1
76.4412031998898,5.816379550547579,0.30477723653305316,-4.951801409496754,2.103498155092394,9.458689542066173,7.584820070440832,1
97.93585965307895,99.48663171697672,1.3053748721527045,-3.1750047289676533,-2.889603884163553,18.743143669588584,20.41198830668131,1
55.09223767994259,5.778056099636664,1.6252727295367488,-9.416008591267584,4.405733604066845,2.420468274680465,13.038858066654079,0
44.925276712850206,69.50352288585532,2.2640126736444417,-4.320583108831146,0.006628443672036148,11.901417553776545,7.368607091011709,0
42.209711407489536,98.36789252634136,0.6591246952646707,21.27797017722055,1.9771049269401908,24.79215350981839,2.8086900320514583,1
43.68379430069123,23.918010421592562,0.433044890471219,-37.31712984802619,-4.787844775076059,19.260945069808425,3.8589827732652457,1
58.45796581171792,14.224936868719617,0.4721759031775624,19.15448079132282,-2.9466611571368095,5.263212211015325,12.852685086810169,0
66.82303949633288,12.138493942242889,1.4963454431909078,5.070352216525622,-2.2931931805054226,12.536036842447768,8.260106933348759,1
65.53381598660039,30.327514756759555,2.0364777007560635,-18.105324717858235,4.2835124012127785,5.840619091214164,10.851853994204518,0
76.54366498072048,10.10458110106467,0.24050535796996778,-16.129685895738568,8.386885439027447,10.23902318156273,2.807191478470005,0
60.26003783755814,69.2161341694132,0.5562362879601365,25.145895408123046,-4.0258587587143815,19.50210059337412,16.310913065425023,1
89.07068154314634,6.229179813006269,2.7866132990124393,-14.182603199140967,5.384240723288402,19.280620382260093,28.712846813576157,1
54.70686333524088,50.94221281497897,1.972174042475245,-17.30025765893939,-10.84838708862851,5.7025094475596285,4.474867678448215,0
114.40338333179238,99.66968538529768,5.028371446418851,17.059718135470938,-5.970947005461447,23.055582953871504,10.14477059932973,0
72.51334695530012,81.39702695060188,1.684120125984049,5.078293144288714,-4.793892280933874,14.81420456912067,55.65297381408467,0
42.856848871674345,61.52194382310109,0.5994577474603973,-14.068883648045983,-6.762543447203612,9.498107274050364,6.079915925569261,0
38.582150038777755,30.625362078661166,1.0717860279599496,3.2493746310692853,-7.9179419489379,12.548389519521516,13.55973975500925,0
69.64944830486371,62.389583629163845,1.2981566644955091,-15.386290254604159,2.0649945606889877,15.126781335943592,1.4178863664603438,0
55.53074429348298,52.70414639116516,0.09804546654579734,16.512320976339076,-1.0703384886393068,13.997263296144634,13.971636716522356,0
74.28000988184183,42.60833838903715,0.9436234636228926,15.920564473097002,1.8970269880255486,12.160125888404455,1.4085917489645636,1
69.4647524914709,13.071037674019948,1.4826421480281933,7.980092982329147,3.4523634306075652,12.623320102235002,47.99913131679888,0
58.54342174686254,88.66042152404667,0.21972891637553363,5.424915918705249,1.3280849658626672,4.410297760697154,18.86390851401905,0
43.0641256386319,44.97846488213225,1.820403967168934,26.417821873010606,3.2888158807518684,20.318322607616984,23.278845091789723,1
29.70305550628271,19.462251182076507,1.0518287605763312,-0.004705089176620682,-0.3476614312113469,13.544007998525384,18.26622685500003,0
51.06970095865958,36.77593508772896,3.6494226133326166,-17.728111881312017,-5.934966941528723,3.276996542617577,13.364061749331869,0
77.12797588646944,41.4129752528927,0.052018092626535,6.742108692484603,5.289070904103981,19.153927539569448,8.965176502253087,1
64.28187488260409,82.75378955668742,0.3699943233713256,31.290705743056705,-2.945560663905635,23.31109945943377,29.318416790307957,1
35.08522442576024,73.3614380561402,1.1042195941946924,-15.221392397787781,-4.67798149381213,23.68267248092405,47.14111143494097,0
63.46361851702364,76.93048936413398,0.4221270829255623,-5.421941500409786,-0.8895893790219909,9.225443310279319,10.368320728639066,0
67.70634759457674,1.1031264428647214,1.5038971922265107,6.24669057152179,-4.564054596482565,3.387921839018851,40.22149996740157,0
42.32285127597734,41.615399817976154,1.7075763178918173,-0.8085727350860874,-2.087151909947161,12.959990665826629,13.132015819902872,0
63.07450211891056,48.13441516353236,0.12979193524631288,-14.73455370565972,1.7202696078173325,2.815230733730517,11.595334608273546,0
61.16417436892,1.9192276823056686,0.865496692254091,16.827867843457064,1.7417086962306345,23.34968546281543,9.09031230898897,1
37.14059404338754,25.98132087450342,0.8533059299877787,34.80061083025889,-4.489150332128147,4.589490683878649,3.5223175800857125,0
67.15574720696567,76.0289823122135,0.5530733714247081,2.94197188535861,-2.4385268647437233,6.3191464987791015,0.05589893938924964,0
71.21569052736469,13.710970572899905,3.2423302005206103,-13.561024346040004,5.371665023851219,10.165913172124261,4.146310344926078,0
81.66102486350553,53.531013145259166,2.108873616153698,-23.234407875802127,2.4820005886697056,9.579111713978145,10.691776372408242,1
81.07604104069806,21.52018720172375,1.4336564900980557,3.869639718317713,10.375325196742708,19.866572309947227,7.169568148494221,0
32.44661264085818,1.2120774643893273,1.5034874445906594,16.558160149743866,5.900640868707638,11.407920513774059,8.926299832809166,0
41.243499201697546,24.12014575995415,0.743243093075131,7.127516197430724,5.7214653427996955,4.269206500083422,59.174562773180824,0
70.3007053441732,97.58737549100537,3.0458856908544454,-0.03605761378280766,-6.93934275227901,6.680247387151852,6.468030535646661,0
70.27571901824417,80.15371118829896,1.4233414960010509,-8.839074776839592,3.819301758167113,12.72783462968805,9.027208180757684,1
70.30095372612095,95.95766443210334,1.5666798928263397,-16.382454490771345,-0.2655340084845532,3.686347935653372,2.149666759613655,0
137.05462981309444,48.785404392636245,2.373917125045886,12.521269894873232,-2.7549090176912476,15.291391891150353,0.7371876971358247,1
71.41781021386333,10.973619867750351,0.3843646523145294,13.706574320783785,0.8400767026626426,14.143682663778648,22.40214899945659,0
82.71131280361197,54.79594889736929,1.974519042149519,-23.185946800361,4.726057673057418,17.867557909556442,12.683401694697373,0
79.08003526986406,45.43773345599609,0.2606543182788399,23.84758467271026,2.504157955021058,23.442615384484192,21.450860520450323,0
73.02782502611596,84.4357082739616,0.5083706929992173,8.61106831341002,-4.3923690067103,22.806364027528893,2.4353629417322766,1
53.69461510719309,9.808258078424458,0.49066396352427344,20.993919677186902,3.7122945679631014,23.651890451720785,12.723481441136633,1
75.17938440986535,48.82411370217782,4.609065146703139,-20.131916227276726,-3.1879377103798197,6.117889925592523,4.388258050053682,1
44.54349570924856,15.004866469398426,2.330015611646931,-20.487362331231584,1.083415594821431,3.2891326659838653,3.8827620880218023,1
55.26362786519982,32.467592689006,1.4494559591818656,-2.234539646509454,-1.516750337385671,7.5569175124112125,0.1738943011909986,0
50.29272904341793,73.73570773877996,1.558189708104257,7.541766403427913,-1.0943312586781286,22.377129319157866,2.0948067049397454,1
61.63748278772645,47.601812936876655,0.9908430956209571,26.945412343904454,3.831214875202548,24.301336865587206,5.550053033588868,1
106.29317133347017,37.58882851457693,3.527010636611042,10.591183707226973,-5.20096859907949,21.4831237767619,1.8643917574422522,1
22.654696148165037,39.44762785700353,0.822831049585267,-3.6402191521805,9.725975371384665,2.75044302818859,63.87955992509561,0
73.72520380749027,45.94467684059866,0.574645398818605,-15.395538114988382,-9.105430346472481,23.68569995149483,5.536259602506433,1
27.745682576206967,78.50165438370568,0.21356811352818206,18.450008590787252,-2.9883384162742854,10.58395068376965,2.0945173380800464,0
50.56136268421133,89.20846889402344,1.8512888614597438,-14.470581386260722,1.851059449708705,0.23275726905884198,3.3299564966390056,1
81.77901193934733,95.53346865039283,1.5911151383666429,24.427028321584825,2.9215708321765494,11.05984351870484,13.290178040680605,0
61.285600381909255,78.6903386255295,0.582101811418901,-4.26576974409764,-0.5023786028585258,1.1517292418866898,0.9927945516186013,1
38.445104441413875,31.540689574801274,0.03061944114526929,23.858731089267756,-0.28695351500771205,13.596948029027939,29.754786345992336,0
45.693925814800636,68.81347060865421,2.19160117933277,10.183969350889175,2.0527504266380827,8.463850685926284,48.856330593306566,0
73.59195497869352,43.760312405539196,0.013780402925116265,-2.054932341636874,-1.1553473872884015,11.835873339851219,4.250320150589113,1
45.39266736565727,25.467062204605117,1.4596584967922854,-7.790945577391899,6.965906289674529,15.329259018577925,8.97015347068384,0
64.3291717916395,84.08715794259226,4.218198189527774,-5.113618160191197,4.196745571158011,21.720027395445506,0.33574640832336594,1
60.911436798076274,3.8426348962324997,0.6907811899643507,6.424750385628562,4.364121755028173,16.547539411798216,15.354390639320782,0
46.96799304788366,90.17619921354235,0.32141361725844825,1.1573474432657511,-4.830783616852085,10.851221711954517,8.014639748514325,1
102.87888178650651,46.147746462473414,1.4644113169437578,-8.907171121030578,-0.39694212202851437,20.485696341759127,4.721862578957939,1
72.67838044636022,63.72014768082804,2.0387635212111905,-2.4844711547644835,-1.5023297436035186,22.639553439328306,3.475900040735099,1
19.49714826684786,65.93539222057827,0.9487276358266806,1.1786554457872471,-5.028006878447329,2.9939991608049303,15.920748068768642,0
63.729086295388555,89.51177407065364,4.0947806836837,-31.93101141622218,1.8008209197288347,13.298324438819787,8.073389905573157,1
46.76427070463224,63.66696821672073,0.06366166565107396,6.872521721830481,-2.6882287888990826,7.112798993561103,2.9705328575627585,0
77.04866669592448,61.39335847600618,0.8433416027142885,-14.695818370752102,3.2770191492511853,1.1765299469236852,17.524697589880596,0
44.14958523134599,6.665204056068996,1.5209510968197337,-17.299986048086176,-5.350957814471658,16.713667377849635,12.488631444019699,0
57.70527117066202,51.84080219452041,2.382184190916815,-25.310165206660656,8.595203064209105,21.56926943648064,29.350083564692977,1
70.09974557960915,15.016900081704165,0.23705227219194586,-26.908387468018354,-4.481663292960309,4.072566361934851,1.8745377073894864,1
77.31510388340243,73.74337687214856,1.931346385684851,-20.33171254668434,1.0965116860021804,20.31034144059751,23.103338121641926,1
35.994071858884475,51.22219208126745,0.9654499048797958,-10.635314364457356,3.959296551940338,21.33489333842354,16.790651190530696,1
53.30997528318103,68.02277792083532,0.6061178322033351,29.298887062898523,-2.853202151000564,22.85851106666209,1.832699880726283,1
50.50109377678088,4.167290060238427,0.16948237213739126,-7.888195138428059,4.262343217164753,6.632127227151311,17.802838561980003,0
46.93341534852576,8.479201604580322,2.405608452725106,2.66625159402047,-6.145917989002081,22.598826629747233,8.738780029258324,1
95.30908480562194,71.63233880626822,0.20533495665157317,6.007220797594931,7.260588495912802,8.016568868410806,43.50218258619384,0
68.09963421921911,7.208433599867337,0.44490753386691895,1.965977793237731,0.07074632482879147,13.80845033638757,2.2904746612034668,0
34.782320913299095,7.12567277652586,0.411065328633265,-1.1616519108899046,-2.982057039844398,1.2626867708070533,15.443293705149475,0
78.35723894109552,1.210847523488745,2.461389124440372,-17.92940645398867,-1.4959088621371723,1.0970272092185902,7.218517997262179,1
102.44312394025266,95.65013982994802,1.3402646948713552,21.76391322418818,4.044596346963597,18.00933031830507,47.13381657628882,1
80.64930521102293,73.75083594590069,1.9115772699727689,27.10794965456828,-2.922276459252191,11.111999449444776,6.006601463746384,0
29.612600680919734,35.32514085020642,0.3459673586318715,-25.239880411840286,-3.7467884471138877,6.407309384230439,49.12610221573393,0
50.31531854267497,29.65355812876552,1.1765922899718795,-15.360428863295693,-1.107682987918691,4.760337400622755,34.76332646208956,0
85.33822298373245,34.97032297458495,1.017646514547043,-4.197155135655091,-5.8848105638498405,16.74883727148045,4.7285379385124315,1
45.846610687624384,77.46535311811819,2.1464955290315006,-14.46806692365287,9.102719539709078,0.01003860063349682,24.409582124865782,0
68.87638856292457,66.13706110704143,2.838464521452089,7.589483301837979,-2.831972956073616,20.147279229921356,81.40659224490797,1
75.49268106858673,18.519556786746794,0.014677523290765498,-10.924083036099196,4.158083930902018,1.9812401532482204,4.36858590902859,0
41.46139056843834,17.410933533408436,1.345102801067443,32.475841017099036,1.0473504182388629,4.787240372702986,8.61119906305261,1
58.809492878764,9.839564971339732,0.06387310085546728,17.85822891515394,-4.922670252409841,9.65590988247724,11.015186707518046,0
0.0,66.03027197013381,0.9551695288438674,3.188610459483223,-0.02977354606364692,12.12146849290259,5.2418970184408495,0
39.51224717331421,76.43726622217359,0.4069940046838632,15.404793949795984,3.92001389655374,8.874877895348545,0.23073820049833602,0
54.948636972136796,26.5046428325004,0.4396835574353542,16.588506365359635,-0.9413066754315327,8.017804124607347,3.7294060607552266,0
35.044336360703014,2.094496103091281,0.5224138196149405,-8.459212320873648,5.9655647292551395,24.09790030182971,4.967967134712337,0
92.6482260786327,8.217166747642734,1.1651892061659135,-12.24325866812947,5.107576963909319,16.039492031084855,8.79400923182525,1
31.397172440787347,96.78600348450304,0.4878487617394007,1.1721459445447118,4.594574273291647,0.5858238841847052,2.8148812258803635,1
51.19911026606032,29.544477747742025,1.5832561247913224,12.924541867469161,-2.2982838613649847,10.75439771110783,30.983595141337123,0
62.61481154572183,76.92231478381336,0.622079854528595,2.085905979801265,-5.399212238907435,21.875217493599255,18.307180845434303,0
88.82546578132231,62.46635688542638,0.08496180769630654,-23.65494723286496,-3.067938026813972,7.536404660266699,1.3357550830632237,0
31.282756976411214,38.19396396528959,1.8376387783,-12.042366659262635,0.9812047033336023,2.363908619359706,15.751294582582455,0
83.26327504309918,20.56872621955551,0.40384067154205655,-1.1095929539156706,2.7289335676617776,18.959619289747945,15.904862305627157,0
60.20466122039174,12.138641815940643,0.6803818951931314,-1.1349840648874538,-10.857857023802238,15.150345798402032,46.92907492506531,1
40.36982697904098,61.50129680388666,1.387911344438191,29.588132651847122,-0.04056600805875145,14.257812695662597,0.04538165097087657,1
69.24206948526542,77.4633780637788,0.4849802504285973,-20.78981913598497,0.7904461266159222,1.3394139901851982,4.273936975209609,1
63.981193911469404,64.39042535411306,0.0698996445886777,7.583838627538119,-1.387721281577758,3.5124752448879333,39.422958387812656,0
47.99566245682411,53.030213324915835,0.5619345514225768,22.336696624924343,6.456369195079395,15.563734905327845,40.35328289409277,0
61.39604169980038,4.195122343163627,3.468535499001639,34.071746181341936,2.1089003712543546,5.195596036470896,19.125933404043366,0
52.2937280627648,96.84887775943838,1.2317767928053345,-6.065961347759419,6.550959540404485,12.601751993710607,21.771348394185694,0
62.27034690502496,79.87141916545745,1.3357859624340498,7.371441790802996,-1.079802601751161,13.622042150734837,1.4391244927718274,1
73.24261349042094,29.282203670096475,1.200527228083366,8.546405357979705,4.687387462534625,7.087679756773485,10.819368055750765,0
91.72033632290704,97.99703293588506,0.2662614215145271,2.9322259732993623,8.175331972637597,23.71062888853732,3.9513406965354974,1
35.24369002346302,60.18815896363221,0.6502303746130706,-1.482678018589591,6.558467246363305,21.06160267088938,2.9990619314014184,0
102.66066749312533,58.24226582072465,1.6680727657184087,6.539630842500689,-5.460707967143666,18.059337690819962,24.934931901889605,0
20.958244009549965,74.8073179429532,0.12826454646523636,-37.98369127829528,-1.2683803877119049,1.9498466602352271,2.1760479250533367,1
56.964298099288335,81.17697880901376,0.39063149957195403,10.23104235093947,-1.7258235272489821,2.653250482725486,9.485061329898286,0
71.76634412969153,65.64786073315027,0.3880856895697224,1.8926685549295077,2.446272675381638,12.319533646623892,41.84986653718623,0
65.61983735470065,12.809574636620003,0.6788006208551771,-3.3371234516739805,3.4317677750726654,4.017833729774642,3.0838292147449913,0
47.546009603588125,33.82675059944984,4.716758559935587,30.702932935793367,-4.194463370128681,24.45663658823685,57.246209239536945,1
55.83755499285449,92.80836403260497,0.08386663019534758,-10.124010281858284,0.3391925695846884,3.963005850685236,77.4777534170425,0
50.139981306823344,22.461561184385193,0.8775198824471367,-6.0461398359754615,-10.099636660780682,12.186695886599349,12.166032357859958,0
48.21270486111577,37.21670238375133,0.23721175281061357,29.87329953307101,7.20972502900945,9.103026421037635,2.797523536472089,1
76.99204194042049,43.2076882944196,4.235241102270928,-12.48091957274785,-2.561871203383468,15.984660536352449,5.699260770914314,0
67.14030971930094,43.940498969445215,0.144303030186651,-8.251729244048084,0.27931969922248484,3.2259102222356226,8.287553952255193,0
46.14180809478692,61.29395824945255,0.6202144521356865,-2.2053813514627496,-1.5482485699403061,10.757910701059773,5.551271635309742,1
77.99199750866501,94.30758377447076,1.6067662588412497,12.611017231943238,5.730137875067075,6.867625820178591,4.940808099804082,0
66.14599041753219,24.069271183250496,1.463124778443787,3.1170376102997013,-14.187532206986894,22.193788116792202,53.756827598628036,0
76.2572423767792,12.150137630091805,0.6593313876238915,-19.38938020728394,-0.08305171162954494,1.014642803367377,2.4972810909697505,0
72.59257683847224,19.747048985993732,0.5105396747181845,-7.982528446907843,-0.5290937874884895,22.843187350161482,19.826032468161824,1
43.420099781558555,88.69249002092695,0.6082249817209511,-9.11031649818317,-2.268181937958414,20.82485346382501,0.006155604463743944,1
48.79637919606061,64.5810812655206,0.3682807059240472,-1.1583156783456836,8.631132728178162,7.439267911020386,13.601889828879013,0
74.94587210246523,28.590678923916013,0.275798451445605,6.387654879447436,-4.436647294278856,19.732266366927618,37.14390278813818,0
72.2074053086693,81.59469389686173,0.7917470302420562,6.273086338319581,3.8589808861783057,0.780339008468689,5.093772110672581,0
59.581968120717036,86.1369996363436,0.3752450471447221,-26.640176310726034,1.7812639435304178,24.17163875733484,3.078191137432365,1
62.34654766617564,84.6514338690278,0.40670587756045656,15.95911481341284,6.3075962626775794,13.164873564744733,15.81949638911658,0
85.5532979157685,91.89265336395545,1.283176679259821,3.7885326899493523,-3.335945423887527,7.5820256516361315,18.703278030049766,0
48.168572223283405,25.224102017336158,4.150744283167579,20.767980713908592,-3.664844495618795,9.064580314866927,17.472748696662762,1
70.94194762340075,75.50419287462783,1.1105103923312007,6.662974909360078,5.480349537386992,1.660133836512434,5.769875953037467,0
55.95614695132212,46.053949727414,0.0961245586319341,16.519844366036434,2.1266065416505517,24.73373785105098,4.3593439311921465,1
55.646375935455595,84.19985528900615,0.0943112093862613,6.998179671751904,-7.724686733383793,0.9822986287673113,46.825828356247364,0
81.9755370397438,72.84906771616131,3.629531588918916,20.193386343041222,-2.696525072316352,16.372678078696477,38.5177073931963,1
76.5083269797606,77.64474464997247,0.4233745376620313,7.833759540266678,1.931913269240305,11.068398192661459,9.168438066176657,1
76.27019272001277,65.61618376810715,0.11590161158496812,-1.4687286966435609,4.188821107732946,23.72290545471788,28.080935111170447,0
86.10957614308658,17.742876946970686,1.0966860573105888,34.08652080670323,-3.3961532659647755,6.149993507669879,9.031056809644406,0
60.420076832655184,54.502691889693835,1.1726789655607006,13.335556834198382,-14.571279949084705,13.302170598450283,8.284848375828297,0
73.63905942589928,98.46697395245081,1.2546711369877581,8.606166315066197,2.616115928685166,12.058905214568824,2.5576073934004495,0
53.79466486813088,93.73880664971189,0.37338983600347914,-19.144566248075037,-6.101603449719879,17.571661101252534,8.337503227353288,0
66.48332704976885,4.317373579701167,0.018271216661869337,-19.324614261953066,-10.086693990612057,1.7002557988105127,11.563937189066628,0
57.397138912646305,16.481481572943714,4.023415729449556,4.390732232127801,-14.161629624920703,4.844728250583871,0.34142121254152463,0
61.93991929985437,13.172877345456191,0.34664821142311897,2.182817966523612,4.069904300988706,5.364120502321246,8.807853781609873,0
71.90314050873828,72.59799099852955,1.352511482935393,-9.211838475124743,0.6430872520248326,18.453768871042243,22.80467162217357,1
43.63558633533055,81.77853298569451,1.4715842693400913,2.1147404941809,-1.1282819035612581,4.728467408168502,17.093673295744846,0
101.84774551370921,21.35113663106719,1.1299530698301836,23.829403920653938,6.945121814813808,14.337294097274416,15.124321865977514,1
39.87965237000596,50.5852692951829,0.45034343818090705,10.43103711825448,3.1866234151153625,5.381095512523842,36.04527127246991,0
35.71622774424536,84.07030280112,0.37945630923907914,-17.115127646291075,8.081500213609583,21.54062375209946,0.27294851583482044,0
83.16221747000135,73.28015447662506,1.0925740358644307,-1.6726324071441556,-6.963677360834982,23.554636362240963,12.214393991218396,0
75.83325387925872,54.223720549184826,2.4127553009927882,-12.074497212788412,-0.17275311976981758,12.962324373556012,23.221533628070613,0
72.4823963410431,59.03476904587729,3.518942353131076,-5.8154987461284176,-8.083566874740072,8.807722105229457,11.691540258984492,0
72.5669101852856,50.83605469162799,0.13433297418891255,-6.204234984444641,-1.146911659277336,5.851444375437478,5.87111560285675,0
59.75506454306171,29.754845131882057,0.20185901623571642,-7.164683739060078,-1.2430792688333867,1.2445250380760942,2.1970883719712306,0
42.05491257028337,56.50219928590161,3.474765911638703,-18.827030579600923,3.133068186315354,6.712501904937385,32.7804427938039,0
61.51609116387453,68.88853020500906,1.6006027365704671,-1.914820222772852,0.22781940570949155,16.355894498632946,9.544766763586958,1
46.456765769757766,87.33229158608077,2.574634279613336,-8.40911455270965,3.117035691399578,13.34042328273027,31.57018376864594,0
79.50239466835502,63.629135397924806,0.27172772465999045,-43.94173035003402,3.517200665694471,23.601031957023185,13.222982651165275,1
57.05885236995723,76.1121537043158,1.0628727207176507,30.794580367524944,10.77464338691571,9.906931562292515,16.821710791493565,1
43.49005606414977,16.0071634954573,1.4493344226852976,16.33154481325008,-1.576483276430622,17.346583558209865,24.46460892766575,0
53.57228316694013,46.15574744197899,1.3677407836190132,-5.644510873874941,-4.705113503331895,12.233068686878035,16.144935724284835,0
68.25862908551248,0.9331619827093296,0.6294058938047321,0.28228574610897633,1.230418076582044,12.814405398105292,7.613834029443919,1
48.7255089439205,24.667886452162303,0.018617548157297967,-17.574815209763425,-4.011400135697717,6.694357865102937,10.81188878111075,0
43.555592088671375,72.64617151130048,1.0493901013088054,25.43584316716298,7.409803842182679,11.373769421049992,24.37174000012158,0
64.87374422983825,99.18099513493634,0.3501912388542174,28.459330421596675,-1.4160901947261628,11.769624925317682,7.017696478001481,1
64.89933142217446,9.917809958721591,0.7179592480172404,2.350405923697869,-2.827881839369952,17.666063043723348,7.368322124061194,1
49.8611364925774,40.14943158612883,3.792191111400652,15.35295966278017,-2.3565786057555895,23.515999979652847,1.5087477803770106,0
50.57923388763354,80.00709686991596,0.6110629331636546,2.629301684008858,3.5920871173582047,8.233031937062607,36.903404061568246,0
64.64099874715272,20.403563462889885,2.19761072821733,-20.05088158313896,-0.7887349161574263,1.0550117145324611,1.4317520405659125,1
31.038313170053517,55.50849493022862,0.25070511740555584,-6.17735053445486,-3.2083341006519115,12.407378137515993,15.67077801207322,0
31.850724512468894,73.30712960296748,1.3393759373555671,1.978919501579356,8.326759588117655,13.611533303729214,7.995927356465811,0
45.63111557495128,61.5985450260179,4.527076170822797,-6.818215781151663,-4.28084920330875,4.211013778297882,7.803531115064736,1
55.73105696576305,18.802473461541613,0.12895941170475314,-3.2797991615255397,0.17783037016496764,19.01161515690167,17.070521284176298,1
66.2181513119601,35.538456868573945,0.010025695350293828,-1.3709933626367168,3.261530758051152,24.62322771103729,1.0417582031884158,1
89.50712433899105,78.37917844853972,0.6821092281900826,-1.2131774679819196,-8.156675552085366,23.644367925211522,13.51016563943021,0
77.15319246404039,55.42265141320166,0.11663999488633198,0.7838773574622482,2.4013025070296248,4.927650970591305,22.178236078588885,0
56.80122940073146,0.5229613542912737,1.6558230634749131,-15.909075995949014,-5.275538377402247,21.884080997519018,26.422477984464482,0
59.619675841946226,76.09907600280938,2.9517698794755787,-10.755242236919043,4.113913904170012,17.61234091029212,2.804532087299138,0
39.94941270724382,3.531135494023907,0.6830379068654853,-19.26876398549954,-4.813255059594882,11.346164095172789,34.156545551421466,0
59.6297372801522,74.57337827312321,0.3592386989943831,14.667233245293005,3.4638451592443027,13.515274858118225,16.013075961243587,0
54.22682722159723,20.24805601652374,0.6838488390400145,-31.58470412760487,5.529165331473563,21.24000437456145,32.03761364165032,0
66.45437120676179,95.80734801193802,1.5424269023472712,17.303855149753883,4.307182628164025,12.00337349095933,9.96200413045273,0
43.45538112895354,36.79407513020845,0.010914479528674331,20.79524095894265,1.256583241190512,9.330184227628171,11.714383551112753,1
70.38693028482345,32.69316163380791,1.0683207267473736,-4.532708804739321,-1.1565047146484972,12.331187325649646,37.70668187863426,0
90.65477826005156,14.888805033244468,1.1401014934225748,-39.04705631740948,-2.8820978816742193,14.478245100876228,34.52521403121671,0
57.82479703086285,30.560421549021488,1.2183002896238013,-5.419658429509358,7.35517345408552,4.726941344458721,8.917480686657278,0
68.03423444197882,87.66507618282006,0.3325212276316819,-0.9627624193322891,-3.497476100838216,22.522693256674767,4.81160683307163,1
73.80287983422225,99.63343376272474,1.5023373991588038,-15.1589732989337,-5.18533036784998,16.854673720740347,7.492609637526753,0
51.97559056228327,36.83095305068483,0.11500914672700319,-7.728275907123641,3.32684467516415,15.831722933437224,7.359569797409225,1
64.48184963620834,44.861063095454256,0.2666782651072781,22.95292798295027,-3.980684015932477,2.4874056545159533,5.0713074733817125,1
60.2518480156359,72.2070938202737,2.519279714136625,9.973907434526115,-4.750317487330636,15.104348454314795,4.6915033179802,1
61.95352197097664,88.61957804650746,1.6106096503743952,-13.868461715671499,-7.218021310848824,3.0240165559623082,29.606013432256383,0
44.539804322890674,59.304433418678414,0.016609078630711777,-23.96398754393148,-2.4145491973025885,1.9674418798849764,1.0863334721052673,1
60.49020348517885,39.15256981778293,0.34262331178041694,-4.9052597641465665,-0.413575119482466,13.182772391059833,16.979954293243637,0
69.95996582490899,41.262184084862376,0.28957892911016714,-3.2018516902565737,1.215458638303494,10.069638351162375,2.84599523515583,0
89.02287215590084,69.56181464968068,0.3789790971231333,7.442987810449744,4.756531221497417,14.72025675390558,6.335489497558031,0
79.18541652170414,0.32182636042786816,0.34132045734854694,-8.029750688514884,2.6344896183289683,2.230554201430965,0.9527741725943522,0
103.06364915023113,61.95893374598407,0.07747988438797763,7.672493630427921,-0.954361097765899,10.77457657118146,4.7201194739274595,1
44.65304874223901,35.54930104413574,0.7370712664105625,29.027310600903437,-0.9909783818985994,4.36966787612895,21.942517771000244,0
77.44641273441357,79.41973312770843,1.5834106760391247,12.232515336663939,2.5507873445759173,24.677502148102914,32.44434624646597,0
63.666840114767034,9.299063982313216,1.1199159188339007,-0.7213276099615887,6.362850814642847,14.02875531087936,3.7563174827863715,0
103.79605866435344,58.82022669483905,1.3408832811637763,-2.7472570657994204,0.631570997416001,17.18592152352168,9.341668350835961,1
43.83403429289697,48.09728898861238,0.10155779619383394,-5.350097012698068,-2.345654271052045,8.135457017065196,9.532348059394447,0
43.20556315638448,64.23255259052274,3.6311999479608166,17.70961368678217,-4.964330005427727,2.368472869483604,31.02162675788865,0
48.01214709111956,6.485359448296835,2.187839487789947,-9.409701689269543,-7.226026322061127,24.396771569588417,21.58271428397228,1
17.52208551380386,57.99837874281313,1.962262799385837,0.6783406349997384,3.331348360217616,7.15647588457958,10.794745916230623,0
49.48489956638478,56.14845879595237,2.077816864385677,0.7679685282162801,2.889892618197786,10.595204629339355,16.663941534774146,0
44.81734676892604,56.06600944161709,3.2385014318356604,-7.52676289217298,2.8868176255333076,16.246598042564376,28.19461002260316,1
63.00787572952415,60.34876665964548,0.9429834814200423,-20.586983218261512,-0.6432972317602794,0.6174324421527821,0.1437711188248534,1
66.83511951554318,67.64679372263622,0.2681953629592164,4.844617554265023,7.034673729458754,20.256478262932173,7.73480969934775,1
97.52341678431773,80.49889996807697,1.150986548157094,-0.9150595778307533,-2.4205924729240884,13.414454750715507,35.6666086805445,1
79.008476763721,26.982072012821433,1.6298618234818025,7.503607041548548,4.776346186036028,6.955429676720554,20.22417507148339,0
48.46192688675194,82.5049410180062,1.6069146388480806,-8.004004596587503,-0.19371447494771513,1.5401996323117313,11.740872693004691,0
42.03170657303284,49.82556822634536,0.8843910494360582,18.31231948219572,-3.0417538233966877,4.062460386861036,11.313998170362554,0
69.83838343013011,7.705827913433117,0.08509772830444448,-13.151606718177671,2.962651536588807,22.375846471335922,6.410372522580106,1
33.59533585958715,5.85509292439792,0.5565643089075534,25.68060426026839,2.0481805934199686,17.150605598397277,11.02581312904077,1
96.62917531708707,33.42383186960608,3.0424289504439197,-26.214547647423924,1.7848637963346305,6.247543040922246,15.979833035149241,0
83.58880241442574,78.48969771114676,1.053779653647698,6.521550968353368,0.40639211028099376,1.6400191236257382,8.12863204874706,0
50.616486957905906,70.76809347409157,0.9274909656418635,7.131460237899352,-0.18946540858415437,17.26538280966591,18.784486327154266,1
25.73730941818245,78.86149646724064,0.3757697383030366,-11.933356019113235,11.941859964352194,14.310193149194127,29.624301641124156,0
87.07744748330825,51.72690564416094,0.5514917442637766,6.365909067915189,5.921283225980865,10.112988111455875,2.5206864064432875,0
57.70920309494764,44.01989979554906,2.7085157520708067,19.192780046402383,3.6141344749275603,9.090286229751596,9.009805991733018,0
84.75632623946923,14.745252670628394,1.3176019412952782,-33.25228259031097,0.5589957910169413,5.420356898227707,7.864238739833904,0
28.111446824112658,32.81927536093116,1.8579381516899525,7.5411721123622195,5.035786002983346,16.74028141343794,17.445572836601396,0
48.012499540924544,43.40193661738753,0.7269229757055582,-37.399062304951165,2.5899738819572593,24.26670069484676,4.312580626113818,1
60.104873994363665,8.860042967961723,1.1939047888260261,-14.484972052848121,0.1310237638701783,4.392881145920646,15.335227147772635,0
60.939611875294844,22.061195271121125,0.3426350438356058,24.437495473514176,-1.5178216263295752,14.927915500387584,31.493346453801543,0
50.99869057041513,59.82252940637388,1.466811936724781,-8.72673050088081,-0.404586688313441,10.604626393649404,8.122664599541602,1
72.45699864694997,73.56631142391899,0.6695034735868347,-17.60819946613459,-15.852128679390278,11.167218043616622,36.28942993607938,0
38.64759141234811,99.83475113929497,0.7012493038847702,-2.969065934770228,1.0530041964882089,6.35368200319536,74.78271486756886,0
57.15241029957413,93.31133313435576,1.2574653372638445,31.01859507245328,-2.4423804005517984,20.628371891535476,1.6822870988608807,1
62.40591263423798,64.25651995351916,3.303919856531686,-27.475233708090393,7.96334999141442,12.131390103681028,3.9800673825240693,0
70.28877668117498,42.1248053294072,0.0793758997107589,-15.769648674590167,0.09672035405877145,13.585146304956602,45.0503443846332,0
74.2322975617778,63.617736470823274,2.089803798248582,22.461475247694395,-5.944817097674809,7.619022819933144,47.668774726257546,0
37.507158163242615,78.56516180802319,0.4150229377753627,27.865535153065988,-0.2494007706405885,4.545211641673744,1.5422442475711235,1
29.317716585287556,11.833619092338733,0.7042105550734756,-1.5514683643542588,-5.230605425312521,2.147759705070512,0.22668173027171093,0
85.55353643797018,40.99048896962883,0.02658839038736327,-18.585790537899637,2.367037078562332,17.852978523122896,2.634956952786132,1
66.64628023959183,83.98022856356172,0.42980455028356657,31.437652527137384,1.4547368216974268,4.9058570421963905,82.86992821567614,0
45.03026926886893,38.3832951933044,0.8381082737611552,23.91663587623795,4.789198155541338,17.251883854719942,2.9767570676400705,1
91.02303951045046,57.18722712271865,0.06937878341754598,10.184204816433494,-3.9544089584728273,9.759411151173847,10.47383128298724,0
62.31349268585717,58.77693608621982,0.8105944242767695,-12.1860352340613,0.170040481140734,10.394370024741287,28.299401123576164,0
83.58594368127653,18.447625313363936,3.1425749413494937,-0.735440112570551,-6.825108977133176,11.729437402319293,0.3091889720397727,0
61.35036962820218,36.22354416522884,0.13364520850898948,-2.4054012156724616,3.5074739096235725,9.19271270318858,13.913649516133042,0
101.21495849763974,33.451128874193216,1.7349512540865615,4.962769569233666,2.5943559022006104,2.515499430564752,4.865718846490048,1
95.10681684886409,2.6196708532064794,0.6324904329567901,21.765021571970042,2.479025105137854,7.7407952500711446,29.743972114763242,1
55.02071703041853,2.4191763891355245,1.2776574109441476,13.191255617061048,0.0080951567847056,16.59335901734846,4.999842153671149,0
79.43141901908712,83.16970436757735,0.3617098450974782,-16.160641154771373,2.073864453943955,16.644610036721772,17.41157919672333,0
72.90751899170294,27.30708099728124,0.20849894447421993,20.647446750293067,8.021695541542982,7.155607680999859,16.822977657449464,0
87.37263115064698,51.80787662388154,0.2098851241538627,4.69698210019733,-1.4254712852100697,11.5025656639422,3.7556700167073678,0
40.70153078839791,29.872557358877305,0.08771976792080602,10.305986937883743,0.6932259185504225,4.836180700298437,0.5312867437716684,1
73.72102919996878,94.06792451153404,0.2464331804132269,21.998112889179044,-5.430631495907049,5.259302038245894,7.8954246215232695,0
81.16848973699176,25.929675886577375,1.3095567165435984,-16.673703742703267,-4.341304807991662,0.5761772101651852,5.120318227275963,1
24.825210271537713,42.96568127389351,2.561342582709834,-0.537383680596944,0.4890664654665369,22.418663747693614,24.830480453270415,1
36.3348297466845,87.27302504846018,2.0192214751936888,-7.971818270388225,5.519667733509536,5.267666626872655,24.168907719624187,0
19.21535644479799,84.19335667918087,1.3867309339637484,-23.51789138048184,-1.2814041212578622,5.688346923411583,9.160351063096417,1
54.61186331110885,18.610141784627732,0.14042300857275777,5.200649664073798,-1.1795826465606196,6.990035816128295,13.990579196595677,0
74.35084511591924,80.26433097957104,0.4096158257813156,37.67334827376635,-2.0344262225218737,3.185201792385725,13.904949389405003,0
90.04714104192055,45.81868867378927,0.4449405956591563,-27.601166167586292,-2.6737833542216154,15.98157207953407,26.330673830064622,1
61.481895608395504,48.29688720853552,0.34514960315544224,-0.48420916574205486,1.4748572785441079,1.8785738294396643,8.300841550030894,0
92.57231091142583,13.347997241594378,0.8683416691407921,9.608144026121602,-7.486288225893222,3.3550606581587568,4.832998860856952,1
32.39797083570217,8.060151375712465,0.9202914995278128,1.8461730248427173,6.404697883333638,16.118918164752323,4.6189843285805985,0
25.932351212896904,72.79393069737652,0.5297198855007093,-1.696920787736106,-3.3271114906473027,8.491515512036068,11.524278114689547,0
58.889046022067625,49.646115235529976,0.5239553385417985,-19.488245451687362,3.609517427190707,17.698695667529726,8.9443421472623,1
67.68130897878615,43.68507026151796,2.116195501172505,3.4918011441024546,-6.349992986969379,13.935618616753551,8.700512714768065,0
59.34610503811814,72.95082286523967,1.868743219522894,-11.351459655238894,3.344200652731091,6.400529326537827,1.4334192649065722,0
18.651157999202468,76.55128989911097,0.44144919114804443,-32.8488255746783,3.3597230390724873,16.270698762233202,19.019871412985008,1
58.21759920974423,15.890816766935355,2.9411412582033996,17.91888330770596,1.9210103600294826,2.9068420073220165,3.606953101293271,0
33.91060998990294,61.02251494776413,3.664415512615206,14.375787297630636,-4.972142608998961,13.41025957700076,3.2901423151476483,0
73.39345097660077,13.535408227768553,0.47475296374534826,0.774914652766197,1.2477409479903852,10.928702626125867,7.9847823562019125,0
67.33196492193696,75.13750860290457,0.5251365685490237,3.4361203230855386,-5.915280923671945,6.696839570436019,3.8772547186850073,1
41.2024042734529,65.69551562671396,0.8453753469250321,16.11477019073342,-1.2638162754809268,15.100124943487502,13.150940597409896,0
49.72266165326613,95.6614621083458,3.3987211253776235,3.365094851671239,5.14706550477663,21.783339808507062,6.965413833576947,0
38.815729562220966,6.895801635642118,2.5080637330713444,13.560263321419717,3.9835096353537103,24.972617494076918,8.937904043725977,1
58.74641805453656,5.705472115125431,0.12986146297686513,-4.462233013107752,0.07591471270216561,15.194069218585613,11.555909957860546,1
79.10284641002477,28.218707469320016,0.5985396002808572,19.6797560786092,-4.87403287961421,10.117646858229254,3.413591232690453,0
40.285479073289125,26.170568373590598,0.9672329177618084,4.811785888990259,3.227938560870967,5.63017750540504,2.539628129630635,1
70.08093031035689,24.697879907199983,0.8393181993408818,2.9107791540881105,0.09690618849012607,6.4274022348777935,31.856783829471677,0
49.39484763255118,90.62545805210367,0.25860199200981293,-19.05091633068048,-11.601577991152116,11.986374453744142,8.530097435211397,0
44.142543354753116,24.95461998495061,2.3492360843470235,4.304337814525631,3.913149131582591,9.18194253201773,7.967813157187841,0
57.85939280090884,27.1949726128631,1.355903565825668,-12.479323762416767,-0.12116416934846073,22.845363065623605,0.5439259731636497,0
39.295153551612515,75.93982624179637,2.183512219559329,-9.574240897927412,6.012256239915361,9.207386691392738,10.33661931605051,0
48.927013893056355,44.973984245054,2.348790008166514,-12.230634424741817,-5.476352594214023,9.336114778635887,12.117254116727258,0
36.04244214822303,77.67105569551812,1.6556871686037014,-15.993523978488376,-15.883519065980003,9.588362810849423,12.27524447675633,0
99.29450265832779,6.536615756438524,0.6940918166856926,31.871571045254424,1.3954192917259258,20.915505259191452,18.415335833481027,1
60.70527103943457,48.75711936733843,1.1316137513124598,19.97008592982605,1.4578183834098637,16.269708021172548,2.930770672037577,1
46.005489840148286,3.3613600183282633,0.2097461868879641,28.805512532163917,-8.453358138032259,15.354221257972316,4.359759799578383,1
64.27959821468444,6.265320345535452,1.3437249746994682,-18.343425293333457,-4.892497729333032,8.353575559596555,24.968747549391612,0
57.753439006183406,90.64374533444109,0.23704882727268256,1.0688062486633874,13.776088718599508,20.447604420810986,44.11031615820032,1
55.58060800933554,13.924537111759516,1.4208065444429714,-19.402614378061436,-1.5280530707690168,0.9590965338925284,2.191570117681871,0
72.2833340008685,53.24206822752171,0.31301163733207754,-10.43542315795596,3.6547948818810805,21.76992930845283,10.326859563790567,1
75.1501542009461,41.10956026007065,0.15006554681539538,-13.771904751248623,-3.2532991368419184,12.81874749484824,3.615341277378116,1
49.38997704778945,34.73433262588427,0.21679718273165818,18.593760096623424,-10.451514494265783,9.95625587158532,0.9292986813478145,0
48.4836351871064,89.98333456872724,0.002392946591652751,-5.943445171526398,-0.8512912339795276,12.429182017942143,5.906828285768693,1
54.49896605696712,2.18233967754895,1.522169294215517,16.025690005410247,-1.328022801430526,16.685388263345775,2.3268006833803496,1
13.961576705288302,66.37896861755891,1.5819190451805616,9.061813343827769,-1.9993911933418573,0.319135662947434,18.564654020494444,0
29.696178756028957,96.33944342135504,0.8681627695524614,34.554581281571835,-0.5732041775319623,21.788796411456193,11.444708660136444,0
87.3374853488905,56.016818346184195,0.2111725042089059,-22.19166334709586,1.3213413582281828,11.168488132784821,2.3293731978542005,1
92.89935427002567,93.68224620330918,0.10470300182882508,18.888498596801984,-0.7505847562690329,8.574162992501954,0.13926835229193565,1
55.01927920887243,5.225787928602377,0.023177150780579598,17.196613056010914,-6.320030839736819,3.4561391408514277,24.766173080054195,0
71.53113926111533,41.87933190741614,0.21746397133808149,-14.60068257040552,2.4309239578096946,10.986634358961053,2.9073106007919227,0
66.22500309087073,26.015779096205115,2.6580994885795617,15.107000047097394,-9.746858776612116,12.408069282109471,13.979315613917887,0
121.57761616910476,73.08209649807299,0.3317532637942025,5.0421744453934325,-10.251787286421001,10.091167362336945,6.162937763501851,1
82.39149822869153,98.12970904972467,0.5248510495213126,-3.4121438993011166,3.6959024735078394,16.966502345672428,13.209725707967227,0
57.44164817038467,25.65300624442478,0.13358118169316005,-12.359032304579994,2.535101360676784,10.52241321898065,5.689366443490637,0
40.889191187991486,65.41746014740745,0.30179191759401963,-10.78664177173779,-0.28697682537018004,24.035439446164332,1.3642980299038738,0
27.871073594848554,19.809763275974014,0.8788260012229973,30.747181436788892,-6.9772425237753595,14.981937945589795,3.7837588745047106,1
64.06927271734446,56.53302545716099,1.1230352731940878,0.01024228436223942,-3.539554703370377,20.186948391297722,3.124906014411556,1
44.87298509431393,46.39324866883362,0.33780513590854433,11.731950022971887,-1.31373373843252,2.733897577736971,8.379751816666891,0
31.554925808046516,97.2005329631537,0.07135885534521784,-11.863490725013296,-7.979469842870567,9.932282323647643,16.106619937112328,0
47.06854231514947,60.85272726964666,0.5951891820280509,-11.697794193324583,-3.6951432901161647,8.421192536178818,4.593925647482087,0
38.3690399277121,34.950637208681876,0.320206370142067,16.229772138749134,3.261651690883399,14.237059703414795,0.18215052685275313,0
93.74283270145129,11.409578488793336,0.29746755536642755,-20.243643173272982,7.136526821446082,21.527838001535642,10.976366962956764,1
77.63279513898901,15.124682873493455,3.858542113807208,-6.228206518579073,-2.097173763292753,1.9584554440501667,13.961911842354672,0
59.84054717366765,22.53169299512351,1.149474657781196,0.5104111660834807,3.782441771580492,1.8143699511177696,49.40014973303753,0
89.59888277780053,25.0966661340298,0.9766933823171342,1.6705890276007862,-9.570300352937336,21.25794270393997,13.354623410839913,0
61.547366152952364,85.06160578411378,0.6449631282935702,-2.686399275242344,3.2972562055680577,5.3212521509589354,9.556396493113601,0
42.774315973434724,56.12227882825249,0.6723223013561664,5.937296716438846,-4.019742073637405,16.718831361245343,12.778684263681116,1
90.46248154539315,52.33909113743665,0.9341977524237796,10.392836337267173,1.5367280835398502,13.57195330902013,39.44564956019755,1
70.77820087369318,11.476887186921747,1.430570900308566,11.01956318188995,-1.2387620911985462,20.822339872180738,26.436926151055193,0
39.25507691347087,86.0139693349435,1.453382602002055,-14.7870571300174,6.60207004891917,3.127222745910088,5.85078890266889,1
56.193226438327834,72.28143032084837,0.2260470194714732,-4.262326468931958,-4.372178241699591,3.244574143065282,4.062460145325493,0
42.48763493230486,6.766836190000158,0.8320472521717006,17.921442928154065,3.1380314878091555,13.920459006957689,4.570055647368515,0
32.34400538071328,70.78350972297687,0.6371484800088867,13.419707813608085,-1.3975373164826674,23.659466333959273,10.530428747179199,0
78.52355095063282,54.353821734264606,2.453139183919942,-20.59289177221596,-0.7915273900483188,10.374943959268856,20.44156533035571,0
98.18833280940261,8.172534574677826,1.197713481268452,5.272198505283025,-0.9192694657960483,8.173552506367374,10.494096163675625,1
32.02864852361718,45.830064152865646,0.9124375542086747,-29.673378740622155,-4.228365522470565,15.167233079947145,1.0530604311514817,1
71.25938473381142,48.469628713004695,0.14713638815232824,0.7040235309055444,-0.0704948295333579,23.261215013625776,19.287545471691654,1
46.98714861756346,16.577454016327575,1.1165828749592828,28.466505251189655,-0.31324111060910753,20.92319582111559,24.596147337734497,1
50.25749232470608,94.56981470002823,0.1495932345664173,-14.218390759034794,1.2062012420336465,24.887090268330496,5.126749900378322,0
48.15212151522262,84.99753714806619,0.49355029724247645,-12.514845682373732,0.4225257284643129,0.5642145800594273,16.3652761967373,0
42.72018460640368,66.90223373291083,0.1849595667209103,11.460446723592893,3.9899727480611813,2.821453617819056,8.342364018106094,0
60.97043255889654,46.22955610006072,1.413473565979546,-23.14202272814469,4.617543080236843,15.236694084165551,32.98951399527734,1
43.38099767177924,41.17655415845085,0.2771872702553357,-9.491325448275585,-5.253116609139006,20.51441098334624,27.986796537829292,0
65.40913651559677,65.09734671509541,0.5968189555940218,8.94661706372629,4.343862502953855,7.1311085576691635,11.180255383379041,0
58.99523781101726,54.543186940690546,2.712290545064556,-9.514287715341046,-5.931682135549272,5.980277200855469,17.64077118755412,0
55.22103906267181,6.227310588188562,0.27426436647618424,-3.5395498081645744,2.9392794406886753,19.67439498453002,32.228620762262324,1
41.848726759168045,51.25026487703317,0.8506565153939628,11.162785654725518,3.0986939235143436,1.4095463463307896,10.269265208193158,0
48.46457338863335,80.64036172328395,0.6521666479610885,6.323191253048419,-9.556584458312521,9.234566189564628,5.6367904838738845,1
75.10782451651512,45.923987759695805,0.02194835197987818,4.0022759444310285,0.46489623264704827,12.645230564808244,21.016012502907795,0
70.01834375248761,5.195657755426842,1.888642361347109,-5.086834189050581,-2.3424805668015787,14.008716858758085,3.728194574069016,0
40.44889510402898,78.6278199384033,0.0858543738352464,5.550916729034331,-3.7938262896768746,18.215378919819422,7.378368933032876,1
61.986646108584516,20.13637821359744,0.771526817481029,-1.8559902014963492,6.7542616534950275,8.871143085766455,30.1182300594693,0
75.02774246743579,25.862083488803876,0.9870279851191833,6.867084148886771,-3.2683957031870947,15.31710861686518,19.33328705417908,1
26.61189437757257,16.47063534322959,1.1880101652769102,-7.453980376769674,-4.0318846455902495,14.634385569773908,7.7579633534191865,0
70.8672038475987,33.02150648714976,1.4001343152686274,-2.7385346156931165,0.37847470002546724,13.690402516343678,3.626192092741105,0
46.74752482108307,75.6751505688635,0.3504657563063934,-14.849366888280208,3.427948731492082,16.012082328555305,6.600112072854809,0
71.41197337186318,51.93858595039374,0.01203467803745765,-0.5251141500935386,-0.7082429300506344,6.486229276701907,5.013308736249703,0
44.73481686914966,20.488127415071254,1.542408871187278,-12.165012954432672,5.831852728346261,2.1162188396157244,2.905396711486579,0
23.902357986709617,87.78300781520409,0.9205570954472331,-16.7106967524299,2.6548783098204525,2.9817918009935855,20.39963126018061,0
27.449151242336747,87.95818549515292,2.170328173575462,3.879917217830822,-10.891056598657151,5.614559566347527,4.356686054858125,1
60.96169893322764,87.05784250460069,2.067049746397735,3.191096637864905,-2.6473348175350413,12.50494838806963,9.08164608307503,1
65.19445003442964,23.87962113815393,2.224306963761505,11.743106024228588,-2.809210496758495,21.011068763650503,7.312971946261341,1
41.91366749791183,45.12393441809881,0.7965266411979233,-6.466883543626486,2.3968047671471115,17.532333552209604,60.325374009594476,1
72.77184917554747,98.49896561408751,0.48708935980438606,6.120792702551335,-13.12408528187056,19.72601510505118,7.441327364525834,1
26.7695987546208,77.20124763099903,1.881714510998315,8.261963584104949,12.745048543588611,8.774390598152285,1.2504385302301184,0
58.678404027053666,2.716742122555982,0.7202312472387247,6.671607117473921,2.65513047447105,10.116343541213753,1.4117882566696685,0
35.77967600475087,6.5204591260492055,0.24318908965851482,-12.384805242032131,0.7443840195884555,9.842047149765321,13.401572338152796,0
46.96327784395682,46.39313768123328,2.3170108526081474,2.2404522340678334,5.9078385820957315,4.796829610112538,13.720513135667392,0
60.94797342632828,90.92202058615601,2.5701919978016377,5.46210444081992,11.718270264063124,1.5304164535893006,8.13884684545852,1
42.791732694320956,53.870179795271426,0.753527611205409,0.10767700361912913,4.353733222942016,14.77290232068067,8.480380627907985,1
52.308889115403495,49.781250803429025,0.09446194762554942,-31.29716487556627,4.7440654823581,24.730417085514652,0.8316217046042367,1
80.1258561842888,10.547369995663058,0.5888866440421794,2.407344359602201,0.6534501223219116,4.170742623756571,10.902002459049843,0
48.462162609537025,65.6780104724294,1.9527414206993259,33.18796559095863,-0.7076287668347414,1.1671204974818439,10.54007013756442,1
76.71384224130284,82.21031606002255,2.78458154819972,-5.400589031354741,-2.3789772200245056,19.488292045598325,2.42983284823273,1
37.40586290684764,38.04200075075623,0.2729927143441021,-10.921156467829817,-4.130559958572711,6.314650167118105,1.6445343824868115,1
70.59608355830565,77.56118509253275,0.08318615472436168,5.600228395670973,-3.4350704984974865,20.741095133823208,1.9785192399169882,1
88.83137241315801,96.44766539008116,2.5181090433649715,4.6856731569985755,-6.752779821714916,17.598416675862886,1.5975549735813133,1
10.56710999745421,20.376645912768907,0.5919855449335512,17.891027481246216,-0.3793572534251166,23.641838426270116,14.11290904590762,0
44.062094890590465,52.33296311947413,0.9364371827245626,-18.868022338633317,-8.423337886131934,10.2231808939168,3.2813475599655644,0
71.5414425436108,28.713795808457554,4.132893744635053,10.970703788624887,0.9545826207185535,16.549245986265852,4.343861436381031,1
55.93909227914015,79.28544190338394,0.08266038883095281,8.856330918771953,-0.1816530402117087,11.621369520331767,2.8596398142062425,1
67.42291746742617,57.75933658811575,1.2540335303816996,-2.1321980541081915,0.734676491933439,15.764717432713587,47.4925800958439,1
47.92029626568359,63.45824175503038,0.09239387770814995,5.08030976882535,-2.610657850099962,11.239972650193433,28.925802379556284,0
61.731795749458,79.79141596158941,0.564905035676642,15.44186222397536,15.384301850902517,4.715806160601871,3.93011424946304,0
56.88645529215841,39.59704726624549,1.9544338429465773,13.084730700426755,6.800579500901565,12.697435400084522,5.952776260322535,0
83.35564123319614,91.50900684070432,0.681875021135424,-17.14528968110593,-6.222712500423614,13.214605035936058,3.5338005010170037,0
65.08841686602426,53.302886724614,7.04622415195312,12.302372801332266,1.1643404371344912,20.265096206504026,10.155445303794425,1
66.75205324150404,15.7954822835348,0.9826138146692486,-0.9703290754877772,-3.040030714686618,18.38801764483953,0.29708055635521124,1
51.76246067755065,69.58991181688025,0.46484758907357693,1.093111470232731,-5.07239863353707,16.5947905985361,16.69225083534463,0
50.24787551855013,79.32613504382545,0.298324914004404,1.0979548650254174,-6.700360355619674,2.8346773888143133,11.10855591074032,0
51.34883624360758,31.67616770675267,0.517900870680458,-2.2536448319738995,2.1610834537962695,18.015407266592874,34.335992547474206,0
67.88904284756593,85.7179256998753,0.5592775623525074,17.875612456605975,-3.4069011753478695,12.50762890886287,2.693947415185907,0
51.58031038359474,90.61432547657664,0.08542620751517405,-1.2557693977381803,4.83913012012602,22.352488402653982,24.452972295109827,0
65.79549713792827,27.690448737780894,0.5536317767648656,-16.79319192574753,4.968911072652195,22.99677335326357,23.550446795928437,0
101.50801597290878,98.3521472715222,0.7488794597597775,-5.9029478395459325,6.869571926057247,1.3789147650446365,2.040409387038355,1
77.42249406863385,14.071152804875842,1.539349773423505,2.680420752157134,-4.261933830370518,20.51603900886197,7.626408137549604,0
53.47952935664318,20.201566840248997,1.2830837620503694,18.438221764455758,2.376828053460051,0.9424347605667655,2.7977025014622625,1
84.02427844327889,18.422483923802613,1.480352432888,9.046420274232503,3.162271083211504,9.179240642375566,4.40993945683663,1
51.838492539568975,89.39897100078704,0.010078624454540146,-12.758029181205659,-2.3708908755198244,13.557499390526978,4.5825219814111975,0
19.237509296442923,65.42925523249619,0.29457037035641154,37.277848750183374,-3.8588597869643753,3.702519965678186,12.186949159682847,0
39.83827378165192,15.210428322227287,1.3005309137654846,3.9716296646696945,8.047603328879864,18.657845314226922,7.950405237496355,1
22.58416157948289,44.032341836834895,0.7939534912920293,19.130861069985222,1.1374793786602686,0.2088676043034643,44.27079498532258,0
52.96973031917383,61.529802506980204,0.006393170862567844,-2.275716503658437,3.17983875355869,4.214976210850921,2.026477446020118,1
60.368367583791034,8.34640849893833,1.9586009945896858,8.00038867058174,-4.110380059139637,14.519920746336892,54.568309940714514,0
93.52874624550566,88.24163684073388,1.7783600747806527,12.592027567776071,-6.0964223326109686,17.85968905093231,3.932917667324146,1
66.53854747528325,80.36035354415351,0.9540010573946818,18.272920676313838,-2.8472488724605522,22.916077567347905,22.233751039694912,0
55.61798942382271,50.52067735766382,0.08253003597171348,15.860524580673376,-0.6201069369499852,17.637416298365597,6.20933914044259,1
76.58811162366979,96.71266152591704,1.745565187091975,13.082955001094668,-5.3211000340867445,16.79448175637165,2.316185130670453,1
15.7772938198423,41.77609792750997,1.0516581175100617,-4.726300967911629,-0.049224043251915026,9.858528658766607,29.267222102002872,0
64.71229116217131,98.41103190364979,1.827691970430337,-8.576190629340921,-8.4425259403425,0.032110638170035344,5.541212578622023,1
75.41730387773933,66.79199988036271,1.6719682330884518,4.989112654862963,-5.600237112349361,3.0039814683905486,16.131732855756955,0
30.428275084403168,63.467127325394145,1.949474481422317,13.996921085116039,3.3545562413843752,13.363863618900979,12.536003755062394,0
82.87508086413858,16.5954895295785,0.8757934804210533,-3.3408105116491056,3.0189526013894707,16.878247146110493,9.572963497589257,1
66.76992814988829,88.1927758304644,0.18144036922130888,15.977579485715799,-1.959383826934332,10.436207097411563,10.272313287836926,0
51.69424172198397,42.74896879206152,1.334611542352923,21.78925118229269,-5.088821545384765,18.266975288209757,19.76484647843048,1
72.6556373221257,16.223340578247935,1.162597928322341,-13.744813786101297,-5.137017757630055,13.046557383304469,1.3779948334637235,1
105.41385715608791,1.260751997575904,1.6269330259540755,-12.5538105569442,-1.8663412297065705,1.8544048898578054,16.547469310494275,0
63.63732510116991,55.975568363838256,0.2234234667162146,-2.1056258835800468,3.222592458226457,4.800406274198721,33.9233893900494,0
64.96441172600672,52.739962212267635,0.26025863335300425,4.614190022837946,4.641228456721623,20.999955581098572,0.8928777862713636,1
50.81278200919512,71.93536223691585,2.65320569301775,-7.868505206505764,-2.4826586774098454,18.12281866561099,2.273743128506279,1
43.003112610704164,89.02580530178021,1.663446670645452,20.283040183007166,-5.767462129923919,22.369049675312375,18.91512973997969,0
76.60671633088491,7.9406584643029525,2.8661440367346724,6.361002922776768,1.3392181893316666,2.938931228023414,8.62464058991726,1
42.878323481822655,73.14964903403623,1.7061333631473368,0.5917057236110923,-4.117674853129247,24.755563365376847,7.751363263976191,0
61.43132474438785,18.741194409758222,1.0910449991725384,-21.538642858027913,-2.5912631943060123,5.23516784874834,2.2095288970879903,0
50.44685106469767,85.8177053157164,1.2740402526707106,-19.737237246412608,6.626380452185188,0.29449690716605026,10.601696472668905,0
69.57959651492784,81.90635138616561,2.6392538522395843,4.215138754227095,4.13557714282884,24.935573476338853,2.029485358549725,1
66.67324210573896,54.07937549855444,1.0375962422448426,-31.988934392322545,0.7898715612572584,7.026847136127828,9.711725597438384,1
80.75079888515799,71.02427986233116,1.200883545517687,15.189561144661077,-6.359595005563614,16.700486312813997,21.63442067946389,0
49.79967202290506,31.43501131837484,0.20420132802065144,-2.3723076655848043,1.0569828373532946,4.41705785440763,4.48143565158925,1
54.60250129413257,47.116789893281464,0.7707651669800275,48.646394543921,5.313286453937632,14.505713304978544,9.831592099607127,1
40.42472568435385,82.16368977104716,1.5122163610457142,34.61874375924166,-1.878168328827678,22.60087466136398,72.45467860377984,1
51.114134798477764,45.92651971732139,0.37920353631598264,-2.721736038712751,6.755570449933575,8.004529185710965,17.4065378005561,0
67.54600986089704,35.77982653254418,0.27115830507815114,-1.5950550379697244,6.463726447591035,16.75634940110898,27.61646163960489,0
75.13977233290704,49.421244725029986,0.4519502603703591,14.933722710030446,8.318664160717367,4.697589719960413,8.038244461035415,1
41.556693516447496,82.82492524372184,0.3316959697612148,25.547589148770566,1.5262156326567646,15.619884967968131,21.906279264609836,1
77.3921184021132,33.520804737087275,0.29035233239105995,-24.57043586154025,2.9369584990300615,8.411258795437753,0.6202878555978527,0
87.11275717609902,17.37615931357438,0.6637510417397233,-26.795631980320298,7.07093644165545,5.280206464698792,1.9672052633351547,0
68.26869806447402,71.20140203307808,2.861055548122666,-9.33052208331572,2.236969685344878,7.829551267590879,3.4048376612208133,0
97.53591625116132,82.59782127080818,0.8488405194703584,8.741063747607965,-2.5061705389510633,4.471026712694984,7.711262019642976,0
44.52421601792854,10.063747852353334,0.24978826853311023,7.453103857613956,-2.2427141826393067,22.54790269594707,28.037211195376564,0
35.10690593377166,23.98741127559447,0.09611442106613567,16.046571824757752,1.1927747688686958,9.929672157928222,6.375822236683051,1
24.425595021914425,14.19719897609939,1.4294896138246158,-17.99546292547962,-6.4528071097310935,6.131982624359184,15.94670211735691,0
89.92088622978366,34.79414115821666,0.5790721879317923,-34.74215794453315,-0.7162945768209632,11.210196025398321,18.532689695354513,1
73.08731312708116,45.035097890541266,2.070026929345927,12.870212929532181,5.482735591151268,8.013404170162389,13.234948065061857,0
58.8883065817909,74.88263369633064,1.292846135828117,-12.422944094478519,-10.956269255826406,18.61048134533315,6.6298040531096065,1
65.59937252639641,65.11475848816741,1.9089834806499875,-30.277317965829567,7.6724105089725745,24.28049779713736,12.907638168438993,1
37.490219054032465,62.092856747843115,0.3808561342252463,2.175956189390724,5.611871093515798,10.95084141744117,6.284310983977848,1
108.91503959233653,35.23749466096544,1.4145858098428985,11.89763532328016,-2.2988230791523816,21.52583499930601,1.3140162569752118,1
62.58442363950455,84.144755308476,0.367931258560417,-1.830856981819159,2.716954139359048,14.146576838990487,74.01340397241164,0
62.187895892097856,47.128716739816454,3.357605591221265,-6.867725792737339,0.015738634531633166,3.930891627355837,2.0404311169184437,0
74.51533247797384,97.91049380151546,1.2139562235885093,-2.390433482188598,6.149951842193415,17.26556855203354,1.1264854544656593,1
69.62018463473427,63.41421382957368,0.4707835086430313,-5.558741436011743,4.913415713849706,12.835862428145504,31.621411921889127,0
64.47768048558262,12.626474156450273,0.3768507438196178,-20.220706679102506,-7.000353615915046,16.265163081302585,5.389489931380911,1
44.190510891093766,67.6177562075434,0.2542387419512348,-10.720210154856478,2.9363120673208836,22.242185314291625,15.760064730437847,0
69.42936714271991,32.5104015431699,1.4235204129089765,7.819198575207217,-1.0281392682162382,11.010864266401152,5.984920215552412,0
97.64048992950067,68.63271966860974,0.29617927624502444,4.825178120647501,0.4141628525904995,22.529440580433892,7.450248280060549,1
86.90840092309955,6.964114816240574,1.0855407565549755,2.5208970895023035,-3.640859504849078,18.766725357041373,4.559468170694052,0
91.86373253278794,17.48814371759594,0.3688660092109188,-14.927227227800692,8.740685345604177,12.215123146949619,6.302073639582254,1
49.7756864713763,85.57372589057863,1.3015410100940186,-2.722547432035007,5.20030909951288,15.080553391449092,7.932308503578689,0
40.20790359482838,22.71795570235149,2.024488458347561,-32.65597569664282,-3.6988558198648365,8.139528312975287,19.116791129880134,0
57.48426159800704,83.704112524294,1.806229933720661,2.6771499582808462,-6.673053034551163,24.589932493469355,10.747348542654915,0
61.114498245773895,27.927608845441043,1.716803848951824,21.43286561720351,-1.928363154889241,16.6837790762599,43.12004390242606,1
81.88383036941897,64.28819100587077,0.24949575879832017,-22.111981980631587,2.172513230456529,1.0961713124157475,0.6417398842384597,1
26.150707405703614,69.4150573509831,0.11104496280609576,-8.78891509976633,1.201029219731115,8.165547643700219,10.489540986299254,0
90.59100638921228,51.265475314505295,1.4405700283886171,4.936601680651943,6.265664123841217,15.582860843976437,13.164157838029496,1
56.839842028420215,30.531067669673128,0.5512985096637347,18.792639516412255,3.9495986109042613,1.408331944980995,37.92291010120166,0
51.4623786010516,21.264437637109612,0.6794923195695427,-6.7233692445022415,4.8478451287645346,0.5971047829785692,0.756118827547519,1
39.75791249479665,3.318935456242622,0.037973449753564564,-10.383754938988446,1.6342770030521867,11.250605988195064,12.782129082939566,0
26.902866562684615,30.39464012407238,0.3606394688138969,-29.533847136241246,-6.9464936510549515,8.31725449231675,28.82425692283988,1
76.46341167923829,65.3162790531283,0.04110781827309574,1.5515719396215957,-0.9784926557345073,10.957465200829148,4.154648285935857,1
61.466359343768076,93.83048184484826,2.536201468724147,30.63114060215616,5.3004486995433275,6.567332747000129,31.347512195926292,0
34.20078200517892,87.1204482263052,0.3346994195939347,4.1603769294701385,-0.2576146426232303,4.117943673574523,0.28840605630896254,0
34.09842455872768,76.60647765353026,0.9779362846266045,-0.33418468775569976,2.515451843118734,17.228583924508442,19.776991744699767,0
53.28430601419743,78.84473432532987,0.04771122201665515,4.831234661504782,-1.5937415762306655,12.864277906695012,40.57130935826807,0
93.38043050578786,66.49849034759953,1.3189855315374097,-0.1663800592290309,-5.149059242709225,5.003855281234171,16.059019063926005,1
54.8081729727279,26.0286857566003,0.46814927931879646,-12.195215583901948,-0.6167203202305522,7.989735656499958,8.671297546883432,0
29.937140937637878,90.71950307058299,2.7383885935931604,12.34919873516558,1.5452372151632696,14.795197691583148,0.6887903427177421,0
55.085138718281115,67.0732311905834,2.6283746678444895,3.386422846676316,-3.2784385973072183,1.8057337068119461,37.907284856879826,0
54.54552860504659,56.04406309804399,0.47216787185056314,0.2641987790048597,-1.1785562242833425,3.6863252316544886,9.531560091354285,0
6.062267141168569,11.098946921348107,2.7746886165734153,-14.630490409173749,-4.697316209929913,1.831140102684753,0.44138186697504445,0
58.91410266964375,44.70555438064254,6.674012683378047,19.552618979021386,5.59622458782048,20.30793331785297,17.559089381258104,0
55.38130939582644,46.03582712019263,2.0944168247307138,9.97054117999665,-1.47227878794017,18.81023083030023,9.861988556735355,1
73.92412729626837,86.45636095226699,2.236200590222436,-8.29381256050953,7.2637777256309155,18.832823296981427,1.9917519563372805,1
96.9791218989069,54.66482201877885,0.34363351190512176,15.027372805229058,7.643739252704542,17.9081335869007,3.6171653959799186,1
82.53130059095514,38.04005489704097,1.0316157582127985,-7.463562575778107,-0.4052298236087188,16.73463559174673,0.9999625682705658,0
54.62222618890339,97.68003285106593,0.08354928870876131,-11.730052387665554,-5.042243662736748,11.924797884454374,12.810078458590883,0
37.869481825166595,11.072059332631568,0.1196755942176656,-11.395546762204306,-10.429489388666687,16.056954087677873,14.594086107643585,1
111.46719606499721,42.25484283119446,8.166901463867138,-26.566028296321367,-7.360185365133958,0.9590388696993662,10.570473518476446,1
61.184368680289765,4.202467517140529,0.47456887129150715,7.073135706273086,-6.8691741244933,15.536610566419615,25.4824107866709,1
60.27858583825893,73.99041207669303,1.6548675211549344,-27.467173175075253,6.892348137307524,19.44694263842193,29.600172157692963,1
59.517498257799936,91.80765521991506,1.9719973412779135,-18.426657468986438,0.5791229361347304,12.508959009609754,14.342026062265692,0
63.961695215357096,28.003732955048942,2.3425105381719904,-31.133820136178,1.9480226204599391,8.937833210680923,0.19257813341368313,1
57.11279176152115,85.83416767991208,7.252976623251881,-1.291045391863396,-11.10210504467563,6.935668370024478,17.822951334952094,0
48.526759862395274,29.221823046189776,0.33168941567591653,-2.254806904078081,-5.989832146086308,16.07005125405206,8.119252286308901,0
49.062821175192155,91.07701616439152,0.04942500714833153,-4.900443197795461,4.435398882231435,17.320029965747718,12.505374606641615,0
59.34493459568003,75.3961903596784,0.6355851673096593,-15.638665420058643,1.433870561912931,21.774189996563564,15.707980759019243,0
49.131504577324705,80.49067768414386,0.16722575468874765,-17.5835063015496,-0.7360263934279864,8.558352061524769,6.467205066093266,0
45.74308434645671,1.80065556004545,0.027217407939057497,6.965547953198612,2.8242117930006128,19.24430768463964,37.35153277950196,0
62.12860455383794,96.2810357074026,0.5363450910303994,-8.258278975627316,8.178989030679075,14.033895604733448,2.1576202291792286,0
54.900455651582895,72.66709920703232,1.837518965229673,4.745374823042171,-1.1052123176852529,22.07091226695198,16.698815770804416,0
90.07985977165377,30.47510953861333,1.0021526049638951,-13.278730291863337,0.3468490132903471,13.19530270739052,0.06553665952804655,1
6.980603832139764,82.9394664858847,0.45011745498529965,2.715941141566235,0.9629845936565257,12.94074570994918,38.78439036437558,0
81.83013703844924,28.152119841492997,1.2747665375395998,19.549170559740958,11.960548176369963,14.446927036022728,1.790271222196371,1
84.92170384995258,87.2753839566128,0.31678706207010593,8.79248700589175,-10.496781322095128,18.73288387856086,1.4953863146209048,1
18.53219535183701,11.258039041193701,0.017383033646447214,-6.186207273247206,3.41611507394404,24.117261970711525,6.074650154826493,1
53.146248118393025,70.36859774607957,1.7345063956018922,3.8579845553389105,-0.5740112437953183,1.8390838553941413,7.015684709657885,1
52.57118268008417,54.069847664491036,1.172979700786759,-3.6099776179531955,2.833858630920898,1.3358650597754291,3.617704962740086,0
31.849766105643575,9.653447019544082,1.7241083350913058,0.11820277042092228,-3.286862769973622,23.438758435183463,13.196549408871586,0
44.443666248182495,24.189382825883897,0.04765964799319767,-4.884165782227554,-0.24482515429225127,13.246890637955152,8.775537426001215,0
37.78848309068343,1.240403627731479,2.1776871128314803,-2.4650280882808677,3.5570528973274755,15.372575364173402,0.5215984572797007,1
95.04540886847246,46.876796546450585,1.159605553096752,3.1814002961126286,15.564551005219204,12.060590039868222,5.777264077771301,1
78.71356786294922,30.126526076000037,0.9944726232891025,-14.90038049372926,4.040180947010358,2.3414363151868622,24.945184485386086,0
85.43110189988317,59.83574842977588,1.175760692702623,-15.238182404849676,-4.240327990152543,19.202234460466663,17.55330980880801,0
74.4334412808647,29.72378077086172,2.3979493403198635,-20.828138307468166,-2.1187984101135164,18.680616127214673,19.357720023123115,0
37.418964575655416,29.99191115069847,1.0609847528303336,-24.004066567555647,-2.2670705419192703,7.7925830373203,17.965732536221903,0
49.509594674404525,74.31931987316034,1.0437191291805827,-18.25924038330719,-8.978215863150075,7.6559811307100105,5.587122788131157,0
69.78749122455837,4.814283597835345,5.610602652944463,2.3919376020619376,-1.6504509585071863,20.946034522637962,1.5748074817049578,1
35.55744382216109,90.28949951919873,1.6963008337436396,-13.391812732378261,3.664145409108725,1.8089314435331656,4.771442596432965,1
74.25996860344776,85.22638743911814,0.7007075860015071,7.704216963466443,-6.371160595383976,22.027628708914147,26.737712106084473,1
55.1934920368373,66.78046832264066,1.4747262451874614,0.520706231288428,5.242413255252963,6.41654224739786,59.037665760532214,0
52.50358384900805,59.32215701073843,0.5916427140577303,-29.527563201570807,2.4388741054216907,14.824618693887349,10.21374469474418,0
74.21919936406982,89.23024981396523,0.3118864694450093,9.824633763325346,-3.6711666098551894,23.399854475044442,0.14621564781692695,0
68.8852662297208,18.533017952871443,1.0901414801025973,12.161979683875648,-0.7076481866892371,16.953062538416162,2.2631249733754784,1
52.7806766836184,7.896916219082861,3.1603458049394813,-14.9079401225228,7.991609038205166,10.360745311675915,5.830902611301723,0
83.18659606728497,23.95101699095381,3.1764508870386736,6.302873143424874,3.6677390675293293,17.23835522263538,12.962070147129714,0
38.37873344800205,79.45782787001903,0.5020876845243156,-12.847473561137985,0.04391827449073908,8.599490907909255,1.1709417795471502,1
72.31871213888527,3.4670266726483323,0.9001118309844871,1.465055651225031,-1.1884165848049215,6.931460408729653,43.064882076973106,0
71.86202515936768,58.280683508348964,0.285354285825076,-18.967476104324483,0.38304535225829806,24.91708194836699,6.813930865853229,0
53.809071213720195,99.54375161913099,6.519895430417779,-26.896596788018652,-2.558817789711517,18.769755779494695,36.556191595191756,1
66.52266044484236,85.56960938375394,4.763449574789174,-5.74225784419453,-10.523747528595074,16.117999434545442,22.747535708843202,0
34.97772847229394,52.14456890435895,1.2581040598633153,-1.8559341941225422,10.210889552673654,8.88224108048297,21.124251732646357,0
78.48054038413802,6.364090928664234,1.9581064844478917,-5.9651954042190605,0.7766249959970073,1.229020728876204,13.998485761648494,0
56.30195727114022,83.13735143857099,1.5067411243017454,-17.76045837333839,1.9907363256126855,0.7764219008788903,14.783961724197825,0
49.54553958961921,59.89785081772106,1.0791970964268218,-5.998485931967056,-0.2895387493845436,13.854531386219971,15.24180006386641,0
80.98018451673778,11.493299705956684,0.06578847167036095,4.03942128871101,-3.67558400362294,19.050818025976277,14.862037797752349,0
45.91312618914482,9.38572848233562,0.7278446145485422,-0.6733954518380547,-0.9296224047438537,13.434479761096377,12.102407488468627,0
31.830774072728808,90.96268194365923,1.347927337126958,2.7375154589882014,-7.996973810971556,21.019626798477866,64.48075182975525,1
28.867416529521925,66.92002629380784,1.3581002101171593,-10.051728006813493,11.385432490266522,0.8356633273305408,19.767796401914413,0
72.12019902691279,82.92867993167555,0.5604051853756175,17.575768720742396,-6.17255999211198,9.168801910648503,22.505146884302903,0
34.39141295007434,87.89789002822673,3.4104188939418574,-17.64260004832171,-5.159831419235897,5.926759779354452,30.890209657524682,0
95.09588363968729,57.17723520483222,0.21978040658767015,7.313404456300779,-2.201296021932002,11.18182420392805,3.643303167662585,1
18.36141184232556,51.74463517550413,0.8326395978217678,17.728366394399423,6.4403786242618875,1.8094098298530619,1.3128770556814755,1
93.92912736580077,43.042741032099016,1.4088463105697684,7.213621391233431,0.07254499631327069,23.853291039276815,9.892623611815635,1
64.22034934405237,31.69465877911193,1.4333649338516623,-3.0378634059724505,-6.180678980152312,5.581385026734023,10.825690638551194,0
58.06573776259215,43.459596085871176,1.2551291651784864,-7.924455699944687,6.271691803786697,23.05769438708962,26.50732992826089,0
49.10161826382101,77.38796557301563,0.3863774867537203,15.54131476569384,3.6550031339274067,10.647328875917045,8.798967218595084,1
67.98272228704141,60.19234310151316,0.2038170767651487,-21.344623878925095,2.692174786082262,24.63810333138045,12.689337313928108,0
59.24730595150303,89.2523289954846,1.2125249849908675,-14.551863905694654,3.578671205854202,13.85145958650527,11.232148161798644,0
82.06603764033042,44.33800143791877,1.097457050952769,-5.963366482375821,11.971809502912254,23.270821604395188,0.5842746669479232,1
62.28455297324079,60.7089578718754,0.23719907237588844,18.56480636267997,10.925474475180561,0.13372471735557112,14.32605410264819,0
63.006035229237554,63.130755309198875,1.4655020565821864,5.696514540613441,-3.4335767150164767,18.705970154522504,26.407687429784374,0
52.72775575572288,59.16971623063255,0.7287421383453351,-14.52068637765368,8.119424964055762,22.576266327562884,2.5707340093636586,1
58.861087525578654,70.26337730855164,1.3222793523734582,-4.654615580773555,1.9158409487945016,3.493014174473852,13.53329298012049,0
66.15603537784118,23.74334683748063,2.179511569107348,-9.214847161444416,2.495479080688747,2.403146293303787,13.50664993552227,0
25.796632146867488,51.23637775457907,0.22320292466676142,-10.646834883503026,-8.461354158216643,10.614315179648889,2.6902190887173023,0
33.03629155788574,10.422480280834767,0.02319660494476924,14.683343378351687,-0.8519288269409798,23.341972653323378,1.9766552505899113,1
74.8652818804543,38.45113276448126,1.812068252485087,-20.576146938952583,-4.0641179516828245,13.559664004760968,58.71935299041307,0
63.41730876255884,48.76670686212644,1.1289996092630876,24.131712836015602,4.140294074466546,13.186411593043305,7.506179757643762,0
56.320333272946414,65.22242595454725,1.4433265090536012,12.423445352769342,5.355402502014025,3.5281529574830466,3.870329299533435,1
60.36867866130786,95.05310525862035,2.1853392448201303,16.36292505905547,-10.372431755081557,0.019737777330469664,2.8189003438081754,0
66.95163410723342,60.06510665483559,1.9483107465354423,-6.9440926803788745,-0.11017432002135225,20.25350226863653,16.521320567975295,0
49.204806393812774,74.35939161765597,3.8905778538098295,-2.24911078618664,5.60930752397126,2.1893640746559555,14.102808537663854,0
44.433905491953745,50.626605949520275,0.9212769843315157,-21.49727721787068,-0.9333948115672248,15.846245468383099,15.473508860332325,1
63.91690510195363,63.41040313763313,0.8044789863931221,-7.869936106002045,3.645318225011822,22.865411362879787,1.3818284706462065,1
40.43254444769936,7.093221613377343,0.6167710966493286,7.404822714647263,1.7558273381354204,5.2162978289607755,33.59902611379444,0
68.16505511428943,25.439158084184697,0.2002449461527654,19.440945926720943,1.7083011597631317,16.63182090592277,7.3964162431634035,1
25.94832791524319,36.185309320513866,1.0200622310653822,-16.607352252036776,-1.3565748903414874,1.9674644176877365,5.639382613245051,0
80.58311274651288,47.249335500651355,0.3892360556311302,-5.4825890547789875,-6.082904020678548,15.093878595940325,9.308531694534183,1
69.45194964826086,4.564874550238374,3.050649098281202,-2.269488303487835,-5.607650737125137,4.0982930238300685,7.416069482766677,0
65.12059468627751,14.002409755331769,1.0501520713337367,-20.936838032887277,3.5467625722765863,18.39883901287945,29.879924236459843,0
79.65381967891028,27.68143077913058,1.078259392479219,8.870238626376004,0.09729127759441558,7.530782369847705,39.731368214461774,0
93.30948888925153,97.15326909010507,0.5260657969988087,-10.859854976139136,-0.6925612230361238,11.584775220116155,5.424304777907578,1
80.2874013003626,33.134700710305076,0.06406745363900263,-2.9308552676553594,-2.119450211611763,14.985763550690542,29.919427509509983,0
23.182515373367096,48.20410581120825,0.03871022584872577,-6.779240578678165,-1.525944227403759,4.28183526665599,22.81612689054315,0
34.40846066528597,19.609771273839293,0.660592824376087,-11.840077585795115,5.234558972440697,18.540945465440522,40.062979418091025,0
47.503628446086424,61.07800710757682,0.10602759584010818,-0.1056747822083205,-1.6762204093401336,7.566008515920364,4.230477222681835,0
60.521821004216676,28.068321551597432,1.1202675801756308,-3.2341436785203355,-6.705323566507843,16.55929649781884,12.90429799170901,0
70.35318040938246,20.699257843842677,2.55408596187774,-5.5778682341799835,3.7182588777008663,3.957076267484341,4.814334935370525,0
45.48512373693069,51.65726284459791,2.573824254182177,-10.926924325205142,-1.024383319323586,17.202941480158756,26.06712458799863,1
63.73533528954157,0.5505799160420821,1.2912071737312898,4.792870061744331,0.15697932766388223,3.2047018202615436,0.0800762187557461,1
44.89234135293355,0.7664032649225327,0.28473939697122147,24.804259027384276,8.037891531997552,10.633912406749591,12.479904251662433,1
47.76964394016103,21.906880910185777,2.385301469584945,2.0983084925869107,-0.10280278675253593,6.18015184347192,6.214638740874477,0
31.866778063035554,3.672136250082114,2.6068521295926286,14.941773223666935,1.4459183655936267,18.709381235704566,5.844253760335159,1
41.535335077781916,10.802575413069137,0.2627631084086531,-20.85332887730194,-5.894617456491627,6.550875112671864,15.530604718186966,1
32.966307887673324,33.88606493387516,1.6046671902835685,2.366421589406542,-1.0983472617548007,22.042932659884904,28.605984116965363,1
40.48253494045335,80.25856795798128,0.40512028929248123,-16.460524784565997,3.047630226043006,22.29550528516532,14.093213491996655,0
81.07283593215679,57.204864336930086,1.94727286730159,-22.153873912978522,-7.776868669206212,4.911032880569646,28.77750165864534,0
41.01202222336114,51.26677259564164,7.070116780922823,-11.090571111885545,1.0042254655785479,15.346148625193107,4.610051742696085,1
112.64764129674782,29.348882320812166,0.03658322095442821,17.878490016203592,0.5039553632240314,2.192941042999108,10.993978659780621,0
69.86635801761778,93.17537194328163,2.7319016513748378,14.250237430044685,0.2064372779371969,9.78842749004073,8.982195037003157,0
63.69672247389748,39.70150412371917,1.1694366653490758,3.645070830815995,5.1857944932912154,17.833043237531808,0.17569848524114554,1
42.832844396375734,8.70927667957715,4.351429034064813,-22.99050839834896,1.6721925742426076,16.485581171247908,12.206423140615122,0
74.00619758817983,61.70665161178013,0.7506075864160726,-2.944209770819052,7.39035949178222,15.617516735165198,16.249545717622887,1
48.487243475244526,11.38383934766014,2.2558272855944073,4.525500133526033,-4.967947577970181,7.06352159156109,13.444175002364306,0
62.44019629290723,34.52231428016921,0.07731064083082122,2.6330434436789685,0.6796228360917399,9.45062373586005,19.993004414008755,0
111.2016907653759,50.74119387178089,0.49006554068524083,-27.656903752211186,0.4223339319497371,2.5736536175071545,12.706351725374185,1
58.078802005507,87.42225246851758,0.08324136436982957,-13.354767720298076,-5.346272468775401,17.975570510840026,1.0362365139936836,1
82.98546652571352,49.35465803401187,4.443239827916963,-0.9611664622307494,4.781475010456731,12.597219919781837,1.8570349486433182,0
45.93647149748225,70.22587660316643,2.037751863708875,8.04436364275785,11.62336652926409,17.719140808641363,13.61273682613731,1
59.300230190060766,99.28168389990704,2.2970983858405676,-32.94191731649919,-0.08503037241915498,6.2235881199218195,4.8233238571996,1
95.4160127127102,13.148911989798162,3.3360723213515606,-2.4318596321978765,2.5251054413688347,8.110955715876656,1.2449393100515889,1
47.46065884424465,27.47315255195195,0.10673318362478507,2.145731548184285,0.4225923790766362,8.355383431502867,8.42133329379031,1
96.24897115993858,39.45760755976464,0.5845262144652262,12.744179827743197,-3.5679233495358793,0.643560243680405,12.122398541532485,1
74.1550387091095,42.18281785388314,0.08842091562820924,10.39286376356155,-9.103801389010082,8.52619682076559,5.97911485183497,0
48.750664482114644,41.102107526554576,0.2840721165660153,8.738569782132078,-3.528867415476826,20.082614337950837,19.11773719763812,0
72.64815478111042,90.76110025565549,0.3126497243716895,-11.999107600529012,-6.9597919047586565,22.432462393743464,15.482705945613537,0
79.4510889925346,71.40326444668564,0.7598342186039616,-28.620032056849613,8.52051039029559,12.955457890898186,6.070394219071233,0
72.43619924434392,60.79052140907037,0.37529165807949877,-5.895791355921014,-0.5755484696161958,11.387542380480506,21.08965370358405,0
28.595505602190872,30.93727178627821,0.127737470388376,15.0244773781284,-1.7295966452358535,0.7706154674842564,15.691509120506508,0
45.45725648350263,82.37903842212947,0.21997362407275403,20.90181791286647,4.44576912393903,21.980108439634567,15.218702049592757,1
55.0496272889699,95.5060511484989,0.19118260309554522,10.65823653446678,-5.60875551427944,0.32525533564681797,12.092309511672564,0
58.511331417999074,82.11982825502265,4.337720199599091,6.440112342026016,-3.834320190022762,23.618752005255296,0.171825406656501,1
72.41344195101357,0.15651051914729042,1.7090073651618654,5.694594725789482,0.34036134624310516,12.230406217202267,17.885960063247126,0
63.55402001866508,63.6401370183407,4.121511373421149,-8.341781201411708,5.143844957117403,8.548362339368165,7.075078286802552,0
33.29311282579798,5.1135381442100725,0.6952262227767017,-1.9509044033043006,2.508425225843941,23.1054608710665,42.86820234740981,0
67.60395702011927,25.760722033372186,0.3914887593386251,25.036042887394967,1.241625712579411,0.6097748277524184,25.55497380008943,1
72.21171490567646,5.952470034777169,1.921128128782164,-14.138370086878144,0.39058867618008175,14.535622371727177,13.289859384882215,0
71.1958089586208,60.37954529493877,0.4738823664603219,24.22168186064777,2.001179277633876,13.72331311248344,4.358934327149959,1
81.61561451109243,68.65899134926067,0.42695332439055445,-4.830422317380876,1.0082645256462732,5.483010030284552,3.4170168386473256,1
76.67844309097808,11.448763806590511,0.31754952838581196,19.881481636426177,-5.149861373884679,10.722185783755265,6.241480521201817,1
69.18360158456873,38.38388830449795,0.16667177381630602,-21.102225142463073,0.2303961081657567,16.306600148594256,9.710220663869812,1
58.59668577082706,45.6236508955542,0.35560419810748106,8.788563017469738,-5.368443294588763,18.178279922048187,5.2660497177972765,1
26.780781329680174,36.90530217609166,0.5268009830053979,-11.051552039214329,0.4054127145041186,0.01792146766449454,10.851915424276767,0
68.59236438265171,12.102500048519305,1.3450081576189326,-21.229007878862813,-2.403239707441207,23.421335752275382,2.7115091389548738,1
64.15375374326223,41.89477901874754,0.07752922627639695,3.278010636164185,12.696908113914308,4.11313430982031,57.0561499771256,0
65.43157674390747,75.11780478084181,0.28363708232980983,15.142076828939532,-0.1994719187585596,5.83951085555898,1.7130685551468943,1
34.46502848359381,7.100766453325546,1.9867267557076784,-12.674121578902446,-7.021197831307944,6.586836142346206,40.311396530422506,0
38.37886919183475,8.018001408190345,0.19068504494931945,-22.48523940687602,-0.6709010533846228,0.9455034138008828,36.72769706845751,0
81.06305706665808,35.47712918359842,0.5034375533610709,-1.377671465024327,2.59679372818944,3.076303089758123,11.177995082376917,0
59.2088969228669,94.1725711618925,2.399948618444091,-1.311529931657716,8.366819730762618,24.658748073604052,19.35986925453404,1
73.63001394745248,66.85726467229141,0.2019963196220385,8.22479441331748,-2.947261999693592,7.880418434432151,8.591799987811628,1
60.56636752260923,67.86699566725648,0.10363303660684754,14.243918570467324,-7.9121398701181995,2.8825272584762334,14.91518595792381,0
60.5951227899149,36.1919990837865,0.7952300202448098,-0.8912277190874114,4.084185057154906,2.6747815293655828,6.245826860748791,1
78.76567611951995,59.36607912085384,0.43216485111334707,27.832549721913946,-6.902993529498255,17.986499191749296,5.374980881190159,1
49.679105435652524,1.0131184027743378,0.994508391937526,3.3635211680293766,-2.180777207537425,21.36421660081602,12.949419453580623,1
61.92241553881967,63.60960464095422,1.9543747898077541,-5.196397590103494,-1.2881024275549702,6.423807487711747,10.341202616505488,0
50.75449422589915,91.32869475762368,0.17701519576166277,-24.173510386542418,-0.34816726650054086,0.5227378083808742,12.99595940338934,0
51.31007545135369,61.25734683448192,1.0429997298436355,-3.939892804742516,3.445822285371678,5.577250461133895,5.066968931470425,0
53.816557530627215,87.3698593466345,0.8450710124738315,-5.0458041811670435,-3.4181714114319384,1.4128922699189332,6.858273639808257,1
64.44267543267426,72.39730554660937,0.186692336173629,14.404571944222056,-1.3686462608338035,2.584873415751038,1.3144128572824083,1
50.42502756673045,12.055841640369025,1.1737945293022838,6.937254361002811,-0.07135176474694252,10.78770299619106,0.8053852674527489,0
85.11512251147042,90.24533072858418,0.38365211348549333,-17.690536824489257,0.7479897875939402,5.7479592715408145,4.384533528247473,0
42.107853955609926,6.644384435577488,0.8029285316339868,2.5838157961655623,0.48913587353961335,12.898646963135585,1.1572149993985694,0
56.26256711677282,53.39674725477638,0.10302549829212962,10.0729675759358,2.1800288761128988,6.337343831429759,1.643451845360872,0
51.2053788345165,14.213712379345766,0.7384994058071899,22.920470390817492,4.219197548208687,23.51343252757369,25.143958148150244,1
88.93955768707465,1.1706610730904066,0.43914163554565644,13.31255951121089,1.96317057825484,22.648599198156614,0.5947417491768479,1
63.931095530231495,42.2034260127639,2.073738793373378,11.412699814672166,2.2679276175460923,14.17015262526165,16.135575840698202,0
80.6368907893727,29.504070765415623,0.07039972529474037,0.9012899192274542,-7.911115833732389,8.860599799684653,4.773309943533259,0
30.288792539260562,48.6000493797603,0.6507945644340866,5.824680081351745,0.2511384958284022,9.528672050868389,30.782728946116784,0
65.34100531738518,57.71998867345508,0.7359426959874041,18.74257351059238,2.397537740008043,10.296307078612424,9.953600955415611,0
77.79261591246873,4.373907230894735,1.549207532631404,-19.991660962194747,3.6447059728522513,18.1894830533736,5.470098232095532,1
61.645679785508484,12.300329512374564,1.0247894634777928,-5.241589908254339,-3.461753871168971,11.290974887970947,10.935935239259331,0
81.30960750130703,55.86423964504254,1.3203007699418434,-11.58853123134361,-3.295196374443225,21.418248662647436,7.217983402262196,1
49.654230997992556,34.316735317265824,1.8009654526080343,5.687296780891861,-2.8705033764179917,23.602369648259113,12.46205684169558,0
88.1869488037116,72.9173487549448,2.378368200189402,18.453332634761814,2.6820694994567167,8.398653834473347,1.8245991124368326,0
105.977962472385,65.22916485919397,0.4520354112787969,-8.954614300816107,5.169405274621043,14.017362034392002,87.0897339230172,1
52.74322879120682,84.56043629899068,0.9266874419008881,-35.85456551204157,-2.037300536458008,2.376413420814111,8.315286744050422,1
51.08994957198456,69.24928266692253,2.199908618687563,-6.183311175367052,4.539811568135245,5.011726194158975,6.42096782279055,0
89.06768954235402,42.99310773901481,5.462083950342872,13.702105980261098,0.617399045822971,10.336644167754002,18.578973492313608,0
91.59144291461425,67.29666223944324,2.6434974406485368,8.064448544248195,-0.6214288858121815,5.1550678975444715,6.785978433916172,0
49.54279945693463,27.538117425541852,0.5572405970409344,6.422793717158642,-1.056921149089845,21.91401226971794,26.871080431558944,0
51.596263658082854,30.63134987782127,0.2605438519782156,-4.1998995281171965,3.7330568230107857,3.9571564014774516,9.084483875468969,0
54.364307822789854,78.89851599207933,0.8065849907279707,-19.185461043296794,1.6278890839353504,11.391520538827299,19.0708473396208,0
33.11098977931446,44.64195164015822,1.624088324716884,7.729414824367011,11.379127138238188,15.142481011496892,1.7051452222445873,0
41.626961070316035,79.83803405183525,0.8140736128021664,-12.514227150519371,-4.261123214986621,17.29659770402111,28.073653625770138,1
39.91718466495864,82.24223736682784,0.7920747576089887,32.76145100070684,2.5905085101498786,9.576734243162669,19.961077711326265,0
44.64404869791743,85.75623376612837,2.1858987703318378,8.557608125317739,-2.6460050490575644,21.727476718118215,3.56846753256045,1
59.30630225226437,91.66352358412072,0.5381794997477938,-8.709724538309265,-4.346434934943219,14.207978776948138,2.354825704954962,0
64.68429465073041,43.098522051329624,2.3575767867653306,-9.170778710829422,-0.05433568517486072,10.987694511188796,5.703372947145501,1
91.01000985628154,31.886681832113883,0.6266781144738016,-1.394163099203824,0.68676239703518,1.6810158513009155,55.98970300177837,0
40.03291918522418,58.21987465941139,0.47741265850425374,-3.5925288303262466,14.590867775300463,11.617236711129125,4.452488655024108,1
79.68644796953167,37.117242343762754,0.7261413909020554,16.752506632949313,-0.9207290784160104,20.518396020393258,9.135598491696799,1
55.72022311548982,60.1074166800233,1.724837218256407,2.796242546160695,-5.650893647423417,15.363525455532887,0.4572008843562731,0
59.01072580695134,70.55858626438246,0.16161266824777568,-10.974476083627922,1.3650535874719285,20.804061343227957,7.593232241381975,1
73.49638984333208,68.84050184921368,0.262413070274669,28.356610277336742,-10.373200187731841,12.350291764982641,12.705668927081911,0
37.54555956875403,37.45528870201213,3.630065414926257,0.7396249728033395,-0.4597839130213293,2.961542627362046,45.903937923434775,0
67.64819492368102,16.68602016987528,0.23156157870116542,11.532595139533452,0.08012641147580213,0.34099614589702676,10.907884256909464,0
63.32904416426112,43.05293384622075,1.006438417648066,-9.12339761167139,3.973001914726057,7.580488667964779,25.647770788434823,0
69.84902528016298,14.259414408190874,1.0390436113178747,5.446734416167851,4.868111247139234,17.44976178744481,11.88217447319216,1
65.78337287815636,89.00970351838083,0.8071301703774384,4.666649867147928,-2.5178480945385875,19.756497598542346,0.6246007704929571,1
109.10600279821789,34.58774607378574,1.24190416466717,-28.344739381442295,-0.7530700731496651,7.393820865508236,5.675227820428434,1
47.24520031497368,15.445974722332378,0.3133677096222215,30.229126656909603,-3.8306041530533546,12.391348022081178,12.85439859380673,0
49.380060899963645,2.5447759905750877,0.9653296998995383,19.359666913838208,-5.6403127740384695,10.527972610852041,45.115240726565744,0
47.53718947150471,64.58223862864843,0.5585892416736981,-5.9579297421898145,1.5494738969031727,10.263069608785697,29.398805302423796,0
48.890457616794905,63.69023174547432,1.3004705145293796,-16.53404610683783,-6.367927742982996,5.783717830003762,3.888472128189868,0
47.252257453869646,34.060416658129164,0.18269595314525486,5.213424207053281,-2.0731345028593156,3.4092776257364594,3.7290326539456977,0
83.78033062215104,7.171188884765101,1.0152151910850753,1.3004654912159488,-4.975869799496187,4.917213955780328,3.3691625421400557,1
88.4100849597971,40.9628894895232,0.24587873420483883,5.335034228448441,2.7484159314512984,1.3833096790836525,38.36194652199326,0
48.58507412501048,31.12174950633936,0.39194544732616954,2.873660942911344,9.00715049633244,4.953268545589426,28.725812997655446,0
43.352888537915426,67.71206397350093,0.29617034840340667,7.593614839588891,-6.5079399140166565,0.2300224406344864,22.36705398087691,0
69.42831112772808,60.57792494526903,0.24230117757554087,21.7095854908771,-9.265092414487846,15.681460015899457,7.4818529696680685,1
48.95553911438057,36.459372819754,2.096448192124219,8.521548076929692,-0.624434426750337,7.909385184692072,10.529207939448005,0
72.65863635511022,21.78925542549901,0.40375539766882645,-15.744832483649118,0.07848897978879191,24.328617785672716,9.36360354573387,1
64.058460417026,98.80359661555919,3.142791502848645,20.438442790686782,1.0932965337864886,4.842926269407447,4.383347666397783,1
29.68511770005536,45.40016211961149,4.204934083742618,24.60921845232431,-2.2316025761717246,8.645714257739847,10.5488126535753,0
90.95010402660122,68.82742357802371,1.0162868405742165,47.28085101768127,-1.0031964941271592,8.94602896603833,0.4645686533346853,1
95.91755346191044,14.055296757836079,0.18518240445627435,-16.85241049859397,1.837552052703011,0.2112874015615135,2.1201768670335626,1
47.744226190312276,48.55896996593978,0.5631372957057978,3.643230197254125,5.202154463224194,20.980198825986474,32.651132210322594,0
52.24596880128032,2.7536719869465487,1.9177956362607447,-31.23148054783481,-9.775243851591414,0.799861503608118,20.895541557132812,0
65.7173078144981,50.545511791044994,0.549482774818402,8.297237345688137,-1.844697195157311,23.504495868231036,8.24527466879577,0
66.6891357997405,96.40174071177023,0.10924590912504187,-8.22300447250159,1.069043969705317,22.301858777340517,10.920749743089663,1
73.1708854534566,38.420671298580025,0.9764401180667494,28.8516869223743,-4.589880523053679,13.388047902149088,6.93050536920939,0
100.20409077532699,3.8996012574911587,2.2381321838977595,-11.619224550278728,8.655848158836498,13.589889372782302,20.251164667937626,0
56.46105545011901,3.095579091934353,1.907129403470268,-25.337745569508925,-3.177049401143685,16.34444807390391,23.000157262592214,1
44.03405510923093,38.798675994686946,0.2310253974624204,-7.068956110537795,-0.20646343503641418,9.676250298372175,21.613487949382154,0
32.41361543970946,16.002493646319405,1.34049064012777,-29.63231656825706,2.7801104842114537,16.180557084946386,19.23505558322491,1
45.38139920116162,2.335209632818591,0.2989296719381494,11.266491817609651,-2.9564239440094724,1.1192097172121718,3.431848278962501,0
59.337460542524056,75.62136139501769,0.2953991557340932,-30.97624569384481,-9.232865239022086,1.3511906837431642,6.186665632410111,1
95.89115727035576,45.85230088818907,2.4864517964848294,0.4268637177473832,-2.1432726345826665,11.430760490488609,9.51880024269109,1
49.64777401927657,28.924477197265453,0.34468892819055846,-31.16717729784295,5.147202779635203,13.740557527650873,6.024927552951375,0
64.47575903277797,90.00831830164807,0.3666036669197886,-4.804467068049629,-1.6844756339256928,22.195441008395473,21.09379525850873,0
59.67154207854496,11.613896020052561,0.000784325176884443,24.65067233706801,-4.232171507294893,2.6165158476974066,5.9926971393643935,1
83.76786546896167,95.59188289553192,2.4544566399464665,5.409718371536925,4.628361047513608,20.566198179847234,2.2315393017150456,1
110.53864851747244,31.396671737735282,1.8876971698374998,-12.95240407447401,-1.6538744801152636,5.2511834323017395,7.638414819193203,1
49.382624541593586,88.84036723086813,1.1844709343071043,-0.4680523340862596,-2.5508040682510864,9.852091212750796,58.616306560684755,0
50.21121114963556,60.294287647946156,1.6648295787837568,0.2702530806666988,0.7472804483165476,7.9150608706853225,3.840453057963743,0
80.88321754138144,82.67073597414874,0.1979183012839558,7.089455187651084,3.8537510480939368,10.003881821634975,14.207384066841852,0
73.63782979252623,98.40131632104642,0.7357037925901145,-20.502875449212397,11.90856765866273,3.762387451814639,8.510226678555775,1
96.93414651472068,28.840543781874572,0.5191927901812112,8.88850910770996,4.136180538287116,12.589251860088874,1.105094786714704,1
71.67856370651927,96.1135485407593,0.11816321231304908,-40.56587447404163,5.7991998319417215,20.041064745784183,10.037845186040496,1
52.81415818425881,38.94818949024204,0.7989430896495613,-9.448268285457155,-2.5298309949392768,11.038350259472423,18.168200744879552,0
71.81309661384618,38.55119047369223,3.0420207356471125,-7.32410763677317,-5.129340529847381,12.265339397454976,10.799144305347122,0
82.17407161165815,34.03871042545057,0.04906029451319877,9.499902391068577,0.31165674809561483,21.219189632032855,30.848309723707587,0
76.40964362394729,54.14076073475852,0.41346006408463076,0.3394627901530371,0.535849576297981,17.65145286595077,5.11491403403537,0
70.14548062214595,15.41450431784871,0.2791373148996957,-21.0834458078443,-5.392563706822986,12.261360212994617,1.352960415013119,1
81.33349379178307,55.37114853580112,0.3264014408363327,-14.774896887255228,-0.8764726495200642,6.442391204729492,41.366237425734866,0
83.38591180891345,54.1704812410004,2.8688415388615898,2.9802001432111034,1.9965880085956544,22.123168671124166,7.1269636584195375,0
87.64317982075055,76.190181260487,0.7574899191092054,-1.1860101279683444,1.8019669750904008,14.425510042263959,12.884681561330748,0
72.97419775179286,83.36499619375856,0.7535043547934887,-8.686861644536197,2.521439266921362,5.528690252767335,23.553483432987882,0
56.657638393662914,44.044135031242405,1.715421296284638,-7.212506842679691,1.4548236506872148,6.727993815950259,5.880394656545188,1
62.934273728666454,30.233324935149376,0.20138146813475816,10.442519957389335,-2.535043296350279,20.07832722340615,18.8904085274247,0
84.13017933016714,25.933489731709447,0.801596192508575,-7.76538859303822,-2.5695031332442158,1.1036390521863866,2.182651631473894,1
43.66128658025528,19.462383670487192,0.6745115740217869,-1.3213686604360992,-5.99475698996938,24.802304675720503,5.1647122544612944,0
67.37346617745803,5.764758219902488,1.090316556049088,32.54904882120814,8.923875195925476,3.2587919928697944,2.3447314505268353,0
52.13322375345279,34.244797883471335,9.268235426474952,-21.355239553258844,0.06725182309646503,19.901713134923433,25.008433414653272,1
60.57489645869635,27.024769213078326,1.7607392681673282,-27.777640973619878,-1.1242652789742595,9.869382919292072,3.777953936488835,0
85.56903725214598,96.64173858664074,0.6087297286372151,11.7538449719791,-4.643960407262294,12.305404582186672,18.956030847938273,0
63.82198136039807,55.77088262500439,2.109198767074209,-10.179645919411549,14.67828951163889,22.016264436614446,43.049292020632514,0
60.92873096312297,34.72770390305075,0.22462007083340166,-4.773562916139304,-5.366640161114478,10.322779739730331,11.254407028641007,0
32.802877180401616,58.0467600993696,0.037124818678484654,-11.717345671966712,-2.144239628030367,13.437343841830863,11.648883794235541,0
74.92507132054442,13.91967013456955,0.27446344059713546,-3.8970021115126876,2.0791841814303025,1.2324915602292486,9.271529827306942,1
72.9096836228215,44.40437492022029,0.49936704999876996,23.97807168144512,3.001064828721389,0.05868684668632884,5.915432840310297,0
103.2650944661092,62.62343214210638,0.8574429721326725,12.03192687927179,4.78966027607842,6.119996825043147,9.68408210011349,1
53.844435300939985,48.889783179245136,1.145816917128856,12.933352678304656,9.038042538846316,17.01457732296918,13.850014656025518,0
64.38300655327878,40.177880065432426,2.8976382597503183,-21.243405836889682,2.5307882773035617,3.031622333978418,64.02144214018213,1
64.9876736742151,99.38483888996981,0.8556623910716853,-17.267306048293037,-5.280153999833338,2.8440489701137355,41.652459834340554,0
91.5490655952695,88.0314762148927,0.8348420758751433,-42.58617989228141,-1.2847256256089077,10.274015200897582,29.72415902963438,1
58.09408935226096,62.34059581594401,0.06185895230828237,-12.14071231624131,1.5391618625694248,16.195925965205664,32.99102650557515,0
65.58043051540679,56.93773611822828,0.042642631877657974,14.350547795784877,10.341130207529119,17.80179980619826,9.46242509645481,1
72.15793019433079,62.06604798245841,0.9613064608037627,7.754197736225564,-6.989027392121486,4.46126685245937,16.06981629153676,0
63.73218246312716,20.131210782243325,0.6918855561250777,-3.3226989442818584,6.012882526126138,1.9897036843010611,33.81645881022097,0
51.071327708989436,39.51377432643186,2.1929664094857757,-0.3345042557707958,0.899571847732084,23.509925848638606,7.48718068757157,1
63.88179985796615,3.945953289089932,0.2101952928054714,-10.333283138631083,4.189152676147404,6.516659564052543,48.95907004783005,0
81.47263499719544,47.554603748682666,0.030346492693584467,3.0713832360267626,-0.5099735831796599,21.333662440218095,8.062320467457068,1
39.4696940117788,54.302458395766315,0.7153089978292532,11.488174192209222,-4.212163150631632,21.58728626157046,13.785015974909145,1
62.65939348293752,22.77497361032096,0.3253495783246479,-24.23830181115709,3.75436389700666,19.31306479406361,18.558017701894297,1
45.997583701216534,96.40288471655137,0.061064944740838525,4.494715317560222,3.2721551355281058,4.220840166314252,45.11464783848165,0
83.90093257849685,90.9454610937242,1.5474293665321026,13.986523064320009,4.860284828698609,20.54503648135501,4.207941188371831,0
29.536261904324505,72.21432354559059,0.14199036913338034,-6.226504334450544,-0.06652317689317655,19.231263981039667,20.56405210980025,0
48.82156305456823,53.33866287653626,1.1247705870799196,10.510509181808755,-2.9991101165992466,14.918074752655427,11.035046370783997,0
67.54423750129041,86.99691596476849,0.39595574065349876,42.219816667088296,-7.793934975119208,8.430050879223819,4.691042638304576,0
91.31048058468681,13.065234382346292,0.22866069956720694,-1.5651418948033788,4.096866340697032,6.562715106663602,22.482330144455712,1
58.68499477854024,79.0509794274885,0.5731621340936013,5.899605750079854,2.1194474122199303,3.047230302008974,12.051874961972057,0
48.896009466136036,12.48208139668483,1.940031658218994,-11.070856254920873,-4.828913164319796,12.743926672521786,16.225169240418083,0
97.6231413888118,79.42106625494054,0.5972811818925065,2.718767439030756,-2.692868366483121,14.631521887746162,5.849068269904454,1
31.03972199167512,27.576756825135696,1.6672532479103477,6.904074374734558,-2.333794059757203,8.98347476289468,9.845690710514859,0
16.023880867598365,87.7090581018189,0.16090477786935983,2.9226351040520706,-7.4149221599120905,11.883976692021713,14.40968482688409,0
68.80028900106664,94.40420938253979,1.7781585675826364,-15.29542979563285,-4.088411983025669,9.087861434231668,7.7856598902859915,1
49.958915512947776,14.879596940511563,0.3244918392865402,3.0954265698817602,-5.6691517840317704,16.02515143301753,3.3166693884189593,1
39.57534365738574,46.267560506539354,1.3575849809412674,21.93293908076455,-2.0623950594396834,22.53148019491408,48.91129294693698,1
74.16712894598706,98.09873781626851,1.0010490499803142,6.729536467717909,-3.6934874916478138,4.098006551173622,10.745240422244548,0
64.87601427542398,48.34074359731466,3.1765389031541753,14.429807836077615,-8.135024604333744,9.535220247578085,19.859394827684607,0
48.71842738526543,86.35475225145451,0.5878999343598764,-3.5551795501894157,10.112951152847407,3.5217150987715327,7.941138351355069,0
34.393912026582115,58.87315221313199,0.0821468617227362,11.248503591355657,6.2627036551461535,15.6235942601958,6.580639025499586,1
77.44914656560289,37.53299079196019,0.023209594767469817,4.189017573247889,-3.895097107599928,18.221762737214895,7.842569723337624,0
73.00402355917322,28.57835555258702,2.1043757422541103,-14.26366094530848,1.3621069832680495,23.297818314936396,7.894080713173856,1
58.01648272441234,20.322309108608728,0.8926608929682728,4.777815071983117,2.087325449106475,6.971798156524123,11.784863078970888,0
96.93273992095331,76.17981913776973,1.79128816834221,-14.875449951604658,5.955429273867384,23.755280146635755,11.761508683406388,1
38.598304673476946,38.65405068230279,0.32055465269283717,-9.493204123271878,-4.093025133300393,1.58156679551687,10.312064289475048,0
29.48949658150522,51.12754622007512,0.5078974887198272,2.839924609385612,5.46053391991213,15.075346584114705,2.1716723282331825,1
46.16183860237511,49.23254800011819,0.03667955756715265,4.458664100701861,-2.7395265210346755,1.4283179835832494,10.279931715830728,0
59.088279672890046,57.727902923313124,3.908277235016317,-17.838486976156936,-6.679312020843067,22.344354694048622,2.7787578380114955,1
64.86678898645384,86.55771456245522,1.3226670213748641,15.809786567743142,3.6206827965724866,13.245226426751353,2.022454159364685,1
55.175278842873404,98.07393435834294,3.247354038481964,8.580094174507094,6.453792120612141,16.733708769069903,40.46683185064482,0
67.04110793028593,40.758420857381694,0.37027247064147834,-10.570926534163258,12.939544867653423,20.789348147761313,13.931144596417646,0
34.96921151619112,82.7518922106303,1.1344421385142733,-23.06377194673763,-5.998626325451068,3.7577655620992187,16.159664339202305,1
88.87529208146519,76.45277946547176,1.3617091640175087,-2.17356868622147,3.494598425403944,0.9647890484533461,7.707293274814682,0
58.35697643214863,57.352895145557326,0.4584786905577978,-6.689155707917402,-2.049006218967665,21.972028647821304,35.9502872332537,0
82.34591663176255,95.60471436119332,2.261512401489834,1.6971068557953422,3.9167935526201565,7.873330686473312,15.238786017805218,0
66.85450692755408,20.04745155284028,3.5286173822178104,-5.446749917333498,-7.352447756156253,3.224472698179132,21.99109807316177,0
69.13506438307567,10.92642103096214,2.5938769169248705,-30.11185291117515,-6.31384887849282,11.711530927177163,6.896343956156233,0
71.39534560464408,85.39619669554222,1.6121898208616054,-5.8252040745173765,-3.879374115832419,14.95765189240047,48.287593341984845,0
68.9541712003463,43.91498166337483,0.3899867687959267,-4.584286666024695,0.3948202283404226,0.7742650855627531,25.76046660884401,0
72.85445519735087,84.69688542070605,0.3969013110824206,9.504915371610881,-3.205406332691777,6.872391456427193,28.856935897651788,0
86.58305060264863,89.30902051954149,3.9679481820149163,-10.472995119165745,3.2952717195670984,0.8199968569224003,2.834651619298697,0
63.930423394029404,6.245759361907144,0.012405296140894142,25.180120100588493,5.134473091289572,10.508384729887474,4.740466184018336,1
74.18007515177024,88.34647629860606,1.5107484221091698,-28.674608259776356,2.997887706226779,22.37750072665611,5.0452422556900105,1
58.205286114255465,44.831905536942216,1.4700157799609237,19.667512467039366,8.09393819830434,24.56631028733923,4.739355486459526,1
88.80234430898946,51.04324890042322,1.169624317939594,-3.364784563171572,2.079133147276715,15.926188837590688,29.007606254075373,0
46.4721539588146,62.659251109321026,5.539337358501565,12.893773085153343,-6.084483551700836,4.040942344614795,0.4860627835920962,0
96.01880865821632,92.63826067300867,0.4485494612229454,1.1970222608809964,6.816882567691699,22.646234749982643,1.1872713956786691,1
59.196840987113134,1.911609442976403,0.4985673771048409,17.09333304038204,-3.025781178029987,12.906195580001512,4.801320194190013,0
31.384497957639038,47.68434683178171,0.0986753400538966,-5.810429468292169,4.55209249842785,3.8437328025729522,3.344771733457385,0
62.562088298215784,68.77220424305607,0.7017932313119993,-16.479306377667182,7.868671082775531,23.043166736291536,3.9567415217393296,1
46.37896685050238,72.27069576982285,0.3630276299029397,21.307564309065945,2.283440053651996,18.936726268077575,23.98809569702343,1
76.81287097977449,69.2532431537108,0.5047920258872778,-1.7022096882321178,-7.480794065823249,18.29263181807879,12.421677215917956,0
46.947520413952184,13.443512940812186,2.1590615475042316,3.3233771043631593,-4.5910608325489575,17.729517594860116,0.08681063839091513,0
51.07633133570441,29.93955883716812,3.289019980381179,18.521278710671925,6.6137223344256775,5.008495527411058,8.413972396174534,0
22.209185381089384,35.87155254170135,0.24656045443740846,-15.479328631416523,-0.8456134282140819,5.275167292688152,7.860814240007977,0
50.953873615018466,80.4437207679505,0.5592310099546033,8.93236346458886,0.3978676747108292,17.207324960681376,1.8146483647342715,1
11.522413467420868,27.875987241455302,3.16786265052489,-8.848421346943363,3.7941220808180462,5.493068752759922,16.911742171699633,0
28.321943530285534,21.070496386720315,0.07656138135620559,-1.9825403346655777,3.4816143104016173,10.96679242007622,18.16481971758194,0
75.20829312288595,95.74480190380962,0.1162896439444656,1.0841844807643335,1.3939990619273035,19.550045639848534,19.142412644555836,1
75.71600317301665,0.88632851134689,0.21321783054727775,-22.50332792170404,-1.043341856102329,19.598812952446025,19.55529196224953,1
68.50915123569929,99.78208556819781,1.0852726396444454,-11.682555642306522,-1.5633422286617864,11.331544313146491,0.000792424915324982,0
40.66047713741574,67.68212988573956,0.1956896362272946,20.266093386197088,4.289494126456715,19.80474845688113,46.16090561005477,0
59.0457728771604,82.84692994491171,4.133290979704053,13.292867828771934,2.7678476553389664,20.965544904951418,25.24697458732782,0
59.92794921818863,29.461939634619316,0.7102574221033063,-0.939593659908523,-1.2865000030889482,16.369393782106506,35.14824667739147,0
36.83270621614915,1.4315277667059978,0.835425262819187,3.646851877693396,5.410561564965704,5.710646307710504,0.2365041427499256,0
90.067966035343,73.78695185615301,0.3398841461484563,-4.413637584546865,-0.6451705756489189,6.8502945096386885,40.73945046816954,0
77.54724581151342,83.41445970006758,0.7640300553264923,20.348750787419732,-4.258310871671966,7.871028885218384,24.89428228274873,0
55.58071652340672,74.04761319535191,1.3013446696769226,-3.0052886669124583,-3.794853494516724,2.9201026933488,27.230256271032513,0
60.537716779890616,14.285028730083859,1.66921683488101,3.4776313820227207,-4.893704181548831,6.828990509248628,1.4689459654326824,0
64.16765615895105,75.34279222569691,1.6822651651599259,17.190452162130974,-1.3620500830184359,5.237980607813303,20.135771537783185,0
19.165302631514187,76.8922782107641,1.0349903657256632,-11.660572272688599,6.168621391680965,11.383218745215054,48.251928477839996,0
55.056452349588064,65.85405156700548,2.8165941405100883,23.38183776745341,-4.025475905152544,22.710938696806622,17.023574967547727,1
46.36031504004403,76.61159327955862,2.0406003445609975,-22.956921146150652,0.9423788050905145,2.612007918848952,12.679147732091398,0
39.96759980210169,84.59214396777321,1.697870229746097,24.44463196669198,-3.283446728137066,18.00669809868489,43.67905231262449,1
54.377994142280905,61.360411423745845,0.0686535846578482,-5.5901337592796185,-1.3015452063571877,17.182075110328192,8.776157370829527,1
95.95373053699045,8.860471396967906,0.008282069305793721,-3.6404812173792265,-7.550206059926261,2.3938549665839415,13.717893080150294,1
72.8168572253402,48.76278096672109,0.28658995311638724,-28.350152567744143,-1.102691145782687,23.064310122645,9.703641021316324,1
48.57642020434406,7.764933467160507,1.3070726975967975,-6.821920760665393,-0.9685268990248103,14.21180505392049,40.511551289547846,0
71.45165562712317,40.75430310324308,0.6355973361253271,-15.597097965403265,2.7014397201784766,9.093138028392106,1.1870236076763059,1
87.98710873172004,40.71064891256276,0.6178129431361794,-9.114695180602089,1.1164045662768527,18.913464587382666,10.43083640130435,1
78.49267365825537,6.600984414024158,2.5910847734021214,-2.059664486833194,-5.991960624760226,6.434136460040851,17.421002332933572,0
61.19260739840348,34.88205339694793,2.711003767237074,14.366874217093585,5.420991220217713,17.33774592615801,23.546519485392942,0
47.061264445888526,11.099809879131485,2.8785883297893275,3.1140502710093867,1.0515152011099769,0.9927801893061805,13.1207066441201,0
73.96446627227179,80.82352100092221,0.45203992322505926,4.615149801016708,0.9919675858874334,20.9852009402318,35.939884049900165,0
67.86970770843499,94.76880259644707,1.4095135705805784,-16.432790832683434,-0.04591176692569469,11.204271175532963,42.70747217682795,0
77.90386440055465,7.231647525793861,0.38034058297247136,-13.211311344040952,-2.5887872361110986,15.917322858948543,0.9972136664394209,1
72.70343603363939,95.51152072917014,0.25376903425345626,26.98087527526968,1.0890116987436305,5.530945495167091,7.721765226336494,1
80.9910543063867,52.25765993367452,0.24493955378271737,-11.0280155214487,2.377942179642912,16.9268428164612,0.35607847653935726,0
49.29529576878864,29.95656779538739,0.5024567022927233,24.843123780859433,-8.734478456727775,19.306006897331915,5.994109271506177,1
86.34788131268651,7.686207527616351,0.6744534835847865,-3.6459179832129975,-2.6938041867304783,11.830329672109968,11.546154584713946,0
63.95199209384799,50.06242680704178,2.133067015549708,0.03431904215256074,-1.2747348520179467,15.443173101544858,36.25226112244487,1
101.5052174525053,79.45155444907486,0.15325154609979563,16.055477403448947,1.2808530284713906,11.408148095559964,28.116130003084372,0
46.21624363820864,70.70864772666981,1.5932948051846505,19.078386329079848,5.96655502963563,22.352284231446138,2.0458846745351025,1
94.71927606330499,5.022601146397376,0.9097475370552836,-1.6621884041863124,-3.8587040729839117,12.44672951285798,1.464694780020231,1
63.95821566925296,7.290183536790352,0.4075207255344091,-5.8236458028230835,-2.48980923408921,21.045217725720473,13.347191030824087,0
46.97163992771103,40.28732826326371,0.8146661875710322,-0.8388067278331968,-2.5626705532327505,20.033801456756215,11.393086391172707,0
50.32228331891357,29.52904940479433,0.42791062788185513,5.0693629234817745,-4.0076379505227075,10.262620533708914,4.64641320942193,1
53.5930538361136,23.238432305604782,1.087851937320619,13.369555303046333,-1.7359324755613124,5.752112296436876,34.45696260074826,0
68.48331892803833,28.10044989087136,0.6826625809434869,0.06344788491227366,3.854011099939856,10.152053313994275,39.33491676842487,0
70.45670976071,80.34827432968846,0.21553423946197625,9.283294470347304,-5.269177476821728,20.655434394380503,7.727812803802089,1
48.52599992122842,92.92280536318539,0.14874962468268274,24.575395984064112,2.139071975764516,5.690813395484809,33.150438330481094,0
59.51290815478034,40.510269452756646,0.9494299146472851,5.71964418397177,-8.509511150091678,13.110908646443734,7.266380325466758,1
102.84540717223727,90.61110021324971,2.792413598697006,4.6747928400716745,-2.80668998221103,20.152418699018686,20.02357548444982,0
94.55086340201423,32.1495701247882,0.5058359879034904,-22.783662376351018,-1.6474465010899304,8.83693687820947,9.692299933276512,1
68.72647339348065,47.64369863437916,1.5846084265977918,-39.46095205243595,8.374298364570324,16.055240925067434,1.9615964007446578,1
60.760069563364006,22.602899781599973,1.289856240566369,5.825635938452525,-1.37401152376344,6.140789351220363,39.45263558376841,0
62.40062653436522,64.0476042175844,3.2180682287684865,-1.4223634692130835,-11.006217367254592,2.731986134203998,9.079698447535332,0
72.27035945460833,97.89811151748088,2.0643161161871837,-7.721740123721129,-9.994444534306249,19.859605627321407,19.891374407196473,0
39.54414869603189,60.34930960433786,1.003327588826881,3.6529530627951696,0.17014793173340495,2.474215585217671,6.863392243549775,0
54.852469251533094,35.78140841135489,1.2841365022846734,-0.9060559379536244,3.0688542789495434,6.784534876989615,0.2859209733314429,1
26.62831852244821,64.78174459905284,2.7438942597545197,16.91670375950848,1.877279288136264,21.377735549936002,1.5892496518692354,1
67.98446245210559,12.292067846538757,0.6120287034339457,1.2916630238846685,0.8378505290049515,8.66173217696668,10.28421871404063,0
72.94391879405482,88.86590802653987,0.4748459430620311,-11.203849276052514,5.811297987528334,24.32613373785403,17.566020166508412,0
50.33627075401252,50.30839507798363,0.01304393765161766,14.852493584389336,-2.697956103685658,24.493358369346492,6.113554685480692,0
91.47973526580066,44.93497420396421,2.1022465184106927,-3.2569661241930374,4.474552780134126,6.706900511338917,17.83569437483985,0
35.484686739953176,58.58647884535192,1.9372241712750216,7.898050255084606,-8.160074425132088,1.0244555562472613,17.991526202396656,0
30.712502395803597,62.47838627894025,0.13238672325585077,-7.161160592892007,-4.524739164690331,17.626582105134478,18.257689781989395,0
64.48903637119945,7.177580622651303,1.0320551955826553,-9.747403282461546,-9.035206974659081,11.274662566208594,10.174524466541552,0
80.94196605224309,68.26172212234025,0.7483043679398862,1.2625234527854423,-1.3742265033489611,2.5188210989894073,36.95648262549636,0
93.67855382915738,24.193168031552958,0.15164101138716837,0.1924296531552768,-0.23130608633171268,17.68807047445107,10.076555070765169,1
50.8223147426212,71.39526325065899,4.729014926685002,7.197405530502495,0.5705074611325995,0.7793727277980306,8.974789305462588,0
81.57361666862592,82.25347943841967,0.2900210780594389,-4.029686299646138,0.30941676443567606,21.754917262306055,3.3355481166396492,1
59.229830609985854,80.39585075525203,0.08352132782569534,-27.54539675655596,-4.63776665405864,3.466313227832593,5.51506528294449,0
56.54745400118361,55.25009674078891,1.084189730551451,-6.49160825382583,-0.9512042220660784,3.182796968668125,0.6488507864706303,0
77.67319874973344,52.016989231075115,1.6112690237988725,11.907277007157235,-7.487233343028743,4.391807449214613,15.057795920724406,0
73.0464575682684,14.287596133941172,0.039577682506263645,-4.460641188646597,6.8161448756612515,24.006658962301664,4.285974515442844,0
28.47215686031501,77.53461504031355,1.2900541264920369,-3.69575103771822,-1.5181303644900048,17.32923400634615,5.4394306548041325,0
89.53080699451792,27.140938044671437,0.9118930130259796,14.795647588589055,-2.444430595218456,20.03428838659092,22.098354812933025,0
87.60182708294903,49.669542281794655,0.130793879612026,-10.679598408883841,7.944701642220414,9.940874643318825,5.945079838477712,0
47.488745969809415,28.42740929275167,0.2272500317556699,-23.142048273643496,-6.211232667746146,8.407818187623889,4.159955392114128,1
67.91607066874818,13.382836299969314,1.0071242346652596,-2.4094667928824154,-5.6279355701598455,5.862100169579248,2.777924701257637,0
69.88060372565478,62.95576968917366,0.42178203075231635,-7.2626092687310555,-5.481101624342825,12.016200707810224,22.365386266245643,0
65.21347531647814,5.4332034822903825,3.342871562380744,-14.493694796298811,-0.3393569084974095,13.795718338354213,2.083867347374775,0
48.9938969230916,74.86452341262,2.0493888964864233,-2.630676838480361,2.1581581481879866,15.794371091318885,9.070281245243068,1
46.56753264123897,31.758679526111667,4.930171605445441,7.372584708701755,3.6983773405891682,6.427962599967363,10.60656543909675,0
59.488918580171095,0.013469300448532007,0.360792455345261,-0.1393284235172362,12.859976587474844,23.716352022574767,17.441978886536827,0
83.45458038518728,51.11291392372298,4.196865397348078,4.604716090293566,-11.24716227100382,4.243962455178396,15.047492412472328,0
70.87200309188864,4.6851908527603126,0.6771431379757018,27.201115477731346,3.043677945622085,24.141329369160307,24.96797151071648,1
52.58771335827788,27.616955782089946,0.5123675343344568,-5.143182923363462,-2.785652862861156,0.3714030626875947,0.6867554063510883,0
75.43397421296689,70.69764874557161,0.061993542256205875,4.175229519670044,-2.932075744443867,12.02814229542114,5.274047225678743,0
3.0291475873984908,6.268962162186586,0.06505000409407857,-7.638200438987018,-3.098860641269388,8.334195952914069,4.930355406007434,0
82.97531400744207,83.93384923560023,1.4132304503492448,-12.695395798304594,-4.543848354039866,11.22808534825627,2.367658217472128,0
25.20572442443801,0.3819922658583108,0.7348299354525828,-8.773614801266548,8.422624173017258,14.266614474519725,5.120003839056253,0
52.751181171937354,24.682386920190226,0.3082290816433816,-7.181378572825328,4.211486635069513,10.889728950317727,5.560854221841884,0
37.60660210747712,74.09040561520715,1.142209183028926,5.392136963206883,0.11597989278687411,10.371171257539874,11.06854296374095,0
34.106370485581884,31.627014972930677,0.3498002117719376,35.23613680051136,6.7550787624350015,18.318085385332665,16.346474678564658,0
83.21653574757039,10.189238806601352,1.0342532705048773,-10.740651544137606,-7.5626448264943775,17.146906877161616,7.197186001735236,1
50.64597597376218,36.02339188004279,0.5340618401027789,-6.249379584231938,-6.653525656654631,20.831782050896198,19.066131486381884,0
66.93007763461432,27.039328638452552,2.081676417455594,-0.9468451966687238,-10.889838660973439,6.248974530987389,6.145832465958411,0
59.06158842241632,84.27119021605549,2.0624081835079404,5.936982730646206,-3.4970727006164375,15.238212743851589,5.1433490145014815,1
69.54081654446243,31.334791758514314,0.778612820090135,3.9532621793217744,0.8084926335237645,14.629869634821347,11.686722909363777,0
61.536437821205105,78.89324717760073,0.51845265477578,19.261436909221757,0.5142928896616704,9.243445271817219,0.36003180522679773,0
34.340155516228606,89.18721448107347,0.5403537658475788,-36.395881058028124,0.7467095552994023,12.151438547567023,1.2472863264470164,1
79.9253363889428,43.381741957652956,1.9661120212381429,-35.80394805293509,-7.055284155330409,7.8445535826432184,8.11848753018834,1
50.12486833677375,90.9943143854392,0.47731687395558187,-7.438172580152239,4.01577371307011,3.54610994042463,42.947607051312595,0
28.86836202680498,37.73180539631929,0.2814388507296421,16.45950281315563,1.1981375911949896,5.345030266568321,19.17569276958424,0
51.43769678068175,96.40784164901082,0.10618879407441778,-23.484720474083943,3.6652714073299926,2.6378411600300273,1.3838112132910425,1
90.01519581268622,8.928952452557294,0.7543899147730113,-45.11448509540636,-9.46381088795026,17.076739379753104,28.09304744573636,1
77.00443484226986,68.70192665032427,0.7896421037578157,8.567691093288131,1.5574542939889493,16.51818482772879,19.768368106289646,0
53.026957311842814,49.38140404569287,2.205932511735184,3.6548583555407164,-5.938826199587634,23.76515928949682,14.160577181268993,1
53.014845913631426,38.76488054556471,0.3000608327865445,-16.353126101991446,-1.9866162627568094,18.24196034118103,25.746409694170723,0
53.56729897565235,63.27118787486009,0.5755630907168079,-14.783094010813949,2.6718244931819166,1.301145968903286,7.7654840579580044,0
101.53495967121682,70.38570916343312,1.9828504396395026,-14.546155794520116,0.45546803127956587,22.106129348223856,3.7558145633006825,1
67.63870904463107,0.43632696503090873,2.0821619905813877,1.658029762109102,-4.257699898896594,21.566879073643143,10.762317041687298,1
68.60083294382139,16.69530887471987,0.5826009771260517,-9.394729142745105,0.03136578092209143,11.083008019317466,11.939056897589207,0
80.60566908063684,71.30460506343186,0.7374783295637022,7.410958784632795,-7.657676576218215,14.646576263198039,11.593456056953988,0
64.77578318053027,66.63854135782064,0.43365615090076426,-42.81939994356586,5.75133697949148,24.401958311812972,12.48868346804468,1
54.819157083585935,96.60475051286772,3.235729230477485,-12.85277797691699,-1.0264200974812563,13.307609096204157,44.552406052653375,0
56.07300301830043,76.1037790250783,0.1515520591296803,-16.890809413665753,5.59274972127663,22.633045709402243,34.87945956914936,1
58.56797481171872,95.0772707731338,3.25717332569035,-3.845110175587383,-2.632658435480215,2.075968945254661,31.277915247999154,0
59.25555526980317,70.25405015348069,1.381908640680001,-8.070716377352078,-2.6178799420329146,4.776296717717071,24.24820767039712,0
74.5525908727396,29.805220863944314,0.9100478364399759,11.9676566984365,-3.8209339331892322,11.018873586032946,43.08364517865087,0
61.03891771614599,10.536492225085647,0.039845125806753943,-27.890051574900863,4.380869658465377,14.618920208432618,1.5553393885977416,1
74.65280154431159,78.18238633449356,0.7745919181766386,0.68237214496128,-3.5471557866423793,20.405696296570007,4.620787447203394,1
58.385668397828354,64.4149221475916,0.6285878835488037,8.375046348175582,3.2229771620758823,24.70655287857967,10.249614589772177,1
61.57270380632181,4.818601239329623,0.2109664889439249,27.849711548429323,-1.9122619883464511,9.721287411852911,28.114191721617384,0
20.035986309357845,36.005046590097834,1.281966046698365,-7.226489566402128,-9.879816499458098,1.1853909035021233,10.552985148220191,0
78.32655349404963,95.67998154842861,4.2548120853156455,4.866879065287756,-2.8515703389323304,20.02928758238312,20.67696083255455,0
66.92976951795985,50.04011457102012,0.9911610444422682,-27.057941888435472,-5.895541071814241,15.109517977070203,2.2442131197524438,1
79.96020219719304,43.272913601970465,1.5052809318298024,-35.879343064695355,0.16951361841168755,4.963571471705041,4.3635851999709905,1
2.0748924361262127,45.7699605159294,0.08508707920358051,12.671615636725498,-5.9520386783724515,12.370711415535505,19.738997715024365,0
101.76749409561455,20.88827240051637,0.6488553872916182,-0.08340440472105849,4.629875503573084,18.55775613834311,2.7000757894200023,1
57.20820743689652,36.87071708647952,0.1484445897559946,17.67769034697634,-0.45537930176513614,19.260294676716093,6.493067223713821,1
82.16365633475033,36.98132559871766,1.1385638019699515,-20.601043334546237,-0.8879799737936949,12.49046029996905,4.615542512459995,1
39.20188145748938,5.2355020187472405,3.346113643085499,7.798532092931288,3.279460688937913,7.6303632532214785,6.458552409108657,0
72.2554781012514,76.75676285179182,1.3008624040596315,28.032267608157795,4.819534670379312,24.343564550962338,18.48167775099867,1
38.93168873652688,41.6504431903879,0.0958952221609478,6.295584125358989,-0.10049375884825823,16.584065273912323,6.87936168113145,1
47.5246207860839,82.21798868164232,0.5255851012779634,4.148722583865732,-3.856001497746453,10.205937983657467,12.154093622377133,0
98.28062707733572,85.03480011198954,0.9599795525043595,0.12834121236524748,-8.869848080560647,7.01158060511631,1.5792723954084955,1
56.186351984733065,21.199405469865805,0.619423471654641,-23.56322185688868,-3.4302487851759,18.277574575089055,24.52269688607355,1
64.34865746359446,65.73534821701286,2.1523503259275683,20.33359403565522,-3.086061233239808,6.054586139844193,6.927880358034205,1
77.40135461377508,47.22818041629817,2.0227472164586167,-9.162864597075988,0.5352872649614838,4.292749724342205,15.684641298044529,0
69.91363775945209,88.0156737921485,1.135577422764238,7.5672488457452545,-1.7257344056901358,13.245847224051758,19.38602878720246,0
63.00837810287153,21.57406791764541,0.5610472562583338,-23.445514598568803,3.4396648602571407,7.249684816103547,3.529398196343681,1
67.2992200493245,67.78132003100443,0.3537872051642752,-17.691894967616705,-3.0649163563534474,15.722628623090376,32.40001378599826,0
108.0683117047655,60.775212225272256,0.1342907160424332,21.52631098833353,-0.2852058342647088,2.948466871855837,14.365453283128799,0
58.84762405932829,29.53014775718328,0.5260156134160898,-5.209534334367644,5.919937215984446,16.37352761418304,8.398272332804765,1
64.02198093429935,13.660090365117261,0.6396292785428397,21.799132140638168,1.7091260697748325,7.082413199942556,3.019541793442233,1
81.01308792015224,65.16397604772766,1.3517584620299794,-1.1734598858777672,-0.30018770844282255,0.006073360862818289,42.78771540580708,0
82.11051865915968,73.85974581323308,1.2880943683875015,-27.62846659436786,-3.009722209675885,3.173401441854409,21.101632371063033,0
83.7406061112076,31.562734376335,0.08722437453591736,13.381013995975808,-3.1661569835748855,23.34038444587735,3.498373518010849,1
72.77460444058369,64.48326040223138,0.6035466400592485,-8.848384766334117,-4.253066264759739,21.683865977883947,6.180793834042605,0
37.13990174539033,39.51309076115032,0.2407471745253506,10.480332202755653,-2.705034328914497,5.840225800905921,24.885273654985514,0
92.66863064602191,71.32068832826177,0.20467940314068125,0.37816301310123174,3.778329193721573,19.45929761363728,17.84501731418694,0
37.07309213962624,19.92152748940531,2.1074540900635634,-23.146773419143056,-1.1094413564613435,15.214289829349356,21.772691433658725,0
66.05270930478066,89.02150026361744,0.05138280555721747,2.464421480558536,-6.748865346906156,24.272617786246737,8.729484360980456,0
44.914482999612844,28.74095964655797,0.6519831987199037,32.94334713229199,8.840846465298917,9.340141488351478,18.90689144493304,1
58.717233068140146,36.77859877561529,0.2210011760275414,7.394796877716888,1.5998259557258152,17.036515312929282,7.328471748042779,1
66.5752482060696,5.8091952080349785,2.5376370230874232,-0.8627662950819469,-7.034717002565847,1.5883930605979646,3.5598336259142997,0
66.42714430900546,11.15122123212764,0.9771323582485367,16.130151029353467,-2.209244636204119,9.90618367041015,15.02270705785017,0
68.4384150847057,51.58619027123281,0.3157912893600974,3.160026978046662,0.5544319141420893,24.095441529704512,55.95422775476637,1
92.27422538117294,26.75926767279715,0.8376162919365698,3.143013453941915,8.522960466486886,13.474521861253013,5.5790255091740875,1
69.0706860302796,83.54802257421944,1.5778242773675941,-16.37437758238654,-5.540562291294346,7.196987583371114,9.269749417114852,0
55.116867294187024,1.4693388654953843,3.8074792219128026,3.5077203868439755,4.880203596779733,3.0067740782151713,16.81293155040031,0
79.28174336576714,37.90940486719362,0.29883998778394044,15.531651246254173,6.9974321348617154,17.58820850453826,11.697130332692945,0
83.78940977849281,33.73455467690927,2.6077831146073986,-12.54093228150037,-3.143271525372851,16.12140108574317,27.81357009193134,0
35.447843697260154,1.9327630917601035,3.2672627711544764,21.367437318704216,-1.3875680943011672,9.348467840094365,21.516061859801443,0
71.94800139699716,12.436839900051023,2.9783490445004275,-1.3755903621768897,-5.181546236868852,23.773533796645857,0.9009833583888653,0
74.02345484621796,41.36426749186353,1.2107925534408188,-13.31654267307811,-1.0173057054015244,0.5550703246962579,96.76667552203156,0
54.048729932800164,49.28645844474466,1.1925212076450378,14.964481153803668,-0.18294987171465582,7.593096290795645,20.939259723522056,0
87.51413626623238,40.42897472548691,0.6194292566979992,-4.301913536074039,3.2982499904118523,23.026737157489535,29.915846043307628,0
56.998888259349464,53.093767841209385,1.675118622378785,11.392723312291618,5.450917355102234,8.02338595798601,15.798750414137295,0
62.51152906943084,59.51316749056815,0.909335534306718,-4.376379483878058,-3.7404803231082355,6.3063208463792595,29.098859972829096,0
56.53856351432261,0.992382112783563,1.3577521607785026,-0.8973921529485555,-9.836625321129972,13.355510248281183,1.7882236063496104,0
60.31158095162935,46.409515945350385,0.6713005672832892,7.403403065014374,-0.10622389638121064,20.59504374801345,6.409630577589815,1
38.074498262095965,96.34992408875883,1.5778694349847633,4.363455863850088,1.4676876498432025,2.5786690219590263,31.363112924318113,0
31.198982348114114,51.90322801295487,2.087944747671245,-29.932976706776078,1.2470884384252083,23.575517741143404,3.3782206314661734,1
91.89010126449944,67.75422674589532,0.190002065795625,-16.818656101415876,-1.6333662375452198,19.8768220295291,1.2220900456567956,1
43.060773033633446,31.18638579168832,2.1472088283349913,13.941149771862232,0.6237604983196725,4.531256388788798,23.275952988419814,0
40.172153010873856,77.39913781527625,0.9326083580301543,-1.9820488335232087,7.577224041761238,17.800199029954065,27.0714082814229,1
16.932197727925704,77.2921481876115,2.2346124677219206,-7.855969541571326,1.9086708448125465,9.623968065938929,2.6627367729685942,0
47.220765046209955,52.129604765413895,0.6772862701172202,-20.378610228862115,-1.8668421250154221,10.057366951907968,28.897818219759,1
33.53820413185004,97.60138232792136,0.5717872716328661,-16.196044819137725,-2.500989085479979,19.58225231097166,17.41215744581495,0
92.84030320272738,12.555021476265338,2.9589825336856306,-30.32697959942921,-0.8492617883886533,24.069620199518305,11.012121699289597,1
80.19634178685268,1.6947664889580993,0.34709077486944295,-1.519210780522993,8.183699809153199,3.1663968211798483,26.60144472333358,0
46.236993096445524,77.0158211757096,2.231113510010377,-8.976563708715704,-0.9165035476309864,10.515755921970484,8.151504220894234,1
105.04871610688618,80.71555373648826,0.7940260601995723,-14.498818364779728,-0.09897172260353986,12.023540202107588,3.2349605703222717,1
79.63530973983188,12.020722912057625,0.8660916698613663,-1.0218513775192966,-2.4115678546815147,9.40779542387494,5.029000662215887,1
53.50337232982755,26.55828329586061,0.4426155117467797,5.459559462791072,5.4949167872098235,9.079728092905626,10.552933821142819,0
10.011885702528538,1.755236336662891,1.0212841213524781,31.39796898314917,9.799186273723375,1.3067166890399133,11.367871113833807,0
105.81885145181484,29.33086107805647,0.47202662452798416,-22.678251293448206,2.2530652471569415,17.138465514065583,24.566081436027556,1
32.20855066472808,77.31418739186715,0.04807350854727209,17.390715649507833,0.4138645189271287,10.905360428001135,23.50665188579059,0
27.092025060862163,51.79605277125789,0.3809427780618137,14.596523415226079,0.1839141658711739,4.869845066098169,13.061393702270113,0
80.45140864019281,34.80955931682881,0.007679371734994477,-11.686391090650508,-11.92153394392873,20.40083755755171,22.765567508679418,0
108.79504812678546,37.17392949063303,4.599565152184229,3.0485393187904655,3.7257543214240867,20.064018703790698,3.193693295390939,1
87.68545637021036,0.1353625715468154,4.048784702970172,-6.864498740064229,0.6708320799792177,12.159790702222345,0.7704182992580799,1
71.27818240104719,29.98005275652359,0.6033402527264277,2.785328706281084,2.141710253303625,7.461266528694013,31.028571258175322,0
71.89508683330573,64.64587416379305,1.5639810936980225,22.636965201068257,-3.557310970418524,15.95231814491131,1.1784176089475193,1
77.06831117560615,97.41944438163571,0.5092217830285688,9.084093489469694,-1.9222843948854582,7.203803394435076,4.249145472628739,0
75.17857179573531,84.70608269838995,1.3343768646587255,7.62912559850163,-2.055124682515865,5.900198258092801,17.82734679017994,0
65.62382847938751,2.3594964645529126,1.9643562056824106,-6.454639799319636,5.108114920365194,18.262866350658165,7.900462209584566,0
62.084022079037524,89.85606046748393,3.519449702982237,-22.260849973865028,-1.8937991830154666,1.0081309930237676,31.350134096957476,1
58.74813744200955,78.3198413298626,0.6134153753379784,-3.1270231581061183,10.413301610548988,2.3692117758648488,5.306896392572332,0
44.92070822266648,78.03761235709804,1.8350784749778204,18.099122322958728,2.154312095075187,0.16970435058974442,0.17913560684888002,0
54.38649846266452,45.79957590035715,0.37097853169863126,-22.907517848844712,-6.378413299978658,3.823579661885654,5.364180183339014,0
26.14086371609229,39.80052929545028,5.566758287075506,-15.826340522650426,-0.6427314662597843,1.7247502177614864,12.943917336480713,0
58.033207464105004,30.29157288331926,0.03132894208424783,1.8940160435110225,-3.2583756107820783,24.895059194497964,7.0725923718357,1
40.22817785698165,6.569485895436578,1.1101822710047347,-14.769821772708937,-10.971912349100121,7.220249248852239,11.48166400948176,0
37.92821365568458,22.82353634936991,1.292829264965774,-11.887851706728188,7.997354700568947,3.7317003167311817,31.384633847673747,0
63.59788302306957,24.66036349780246,1.3978777417167607,-6.353978725922657,3.5157127111000195,6.024906449897949,36.539185371134124,0
87.84004572689199,48.40770697102016,0.15392867876400743,-20.48426106285224,2.6660365894965627,23.403139288503365,4.638163750997382,1
78.36633212004625,74.7444406596694,3.3470430067068393,-14.611827693245525,0.8270183014985212,13.004005575609892,9.302367834686448,0
28.58998792753646,47.38098283979466,0.23987400493963887,10.551418751809631,-6.910087843462188,9.120452407696423,11.949109721020957,0
40.20743726859325,5.784444944716061,1.1698274430648452,-19.61054673346446,-2.4180856977771836,21.834786447730483,44.67205676934139,0
78.81542375976431,95.77898009882038,0.3022777546824991,-23.968082017422564,4.208903873920064,9.874756763725811,98.75596544675108,0
40.35025212923381,94.27243190941122,0.44044514236670085,-9.450374693008415,-5.256100148912513,8.375214248942395,4.026179074976452,0
55.50733700005951,78.51895431484084,0.9488023141737274,10.979332537647686,-12.658846581254068,5.182063063743389,19.473146327717835,0
71.00104198049104,99.13279015642206,0.6478798943271501,-2.9538271199533432,-1.1355300389046301,9.444920597735287,7.1229769015744395,0
40.633110902727296,54.448233280026294,0.20954639496952057,-6.968716171734275,-0.708787770137693,7.91710890042315,0.12211870631273342,0
62.107510122919194,96.27683502532061,0.22495009292530585,0.6653819627341058,0.6778170820735457,16.932598982453527,0.13943389351663638,1
33.31949010163591,7.560504061675077,0.6498403669354024,-26.18561149289478,3.642593217572681,7.239567616768178,9.258522769233682,1
47.97264712097572,36.568074826137135,1.699030840648475,7.420584806625487,3.188029061156043,14.429993660564037,10.051274924079053,0
66.39563868285074,22.538126800676583,2.7389231114617476,5.751525471054662,1.293849026219608,1.6473041257993177,0.3424243576055803,0
28.140125329366615,19.583308413427,0.10545395195953128,-6.139627111435819,5.977656940433547,4.782228917412859,17.41980330053658,0
68.80949475920798,14.08029488926761,0.5992772216600009,15.088867676946249,-7.594848904066573,10.18513179028372,5.222172618149685,1
59.60724402146638,62.241364156599666,0.12676008176249598,-16.91244148429558,2.5229090723869514,23.423731347717386,12.311064457844969,0
71.04979908834295,78.1321855747305,0.02007801328513983,16.918634898803536,3.132691816684712,9.431299642892386,5.369831524394767,0
64.47828268129322,57.82983994203607,1.3006529157583675,2.3174049839287667,-6.197811430401198,16.60185302999585,2.7432433823451405,1
87.28280859947688,14.696270958820968,1.106919795545463,-5.048288848172601,-7.514353043411947,6.377180560534954,7.842808580584774,1
